horizon,model,rmse_mean,rmse_sd,ci_lo,ci_hi,mae_mean,r2_mean,friedman_chi2,friedman_p
h=1d,SARIMA,62.56205217758035,0.0,62.56205217758033,62.56205217758033,37.76000979954718,-0.2570459703212733,81.36000000000001,1.5677934412265474e-17
h=1d,Random Forest (fair),63.825315443149115,0.24427017343404128,63.734103461361876,63.916527424936355,45.33515890927838,-0.3083419807382911,81.36000000000001,1.5677934412265474e-17
h=1d,Standalone LSTM,31.104405191896785,1.4997607962795145,30.5443853068968,31.66442507689677,16.932852928444113,0.6970746278874571,81.36000000000001,1.5677934412265474e-17
h=1d,ILT (proposed),30.017324684175303,1.741822016183503,29.366917654192015,30.66773171415859,16.53647178872223,0.7175951299449942,81.36000000000001,1.5677934412265474e-17
h=7d,SARIMA,62.82302241170382,0.0,62.82302241170384,62.82302241170384,38.05299275530936,-0.2595447957103669,81.36000000000001,1.5677934412265474e-17
h=7d,Random Forest (fair),64.4308582945051,0.28849869525015276,64.32313111125198,64.53858547775822,46.03752185757455,-0.32486679417233344,81.36000000000001,1.5677934412265474e-17
h=7d,Standalone LSTM,32.24126956219579,1.4659144192408862,31.693888122089056,32.78865100230252,18.460650612777336,0.6764915653405158,81.36000000000001,1.5677934412265474e-17
h=7d,ILT (proposed),31.59431534747827,1.4167937632520469,31.06527586175935,32.12335483319718,18.08393256512356,0.689361246015429,81.36000000000001,1.5677934412265474e-17
h=14d,SARIMA,63.13090605649464,0.0,63.13090605649462,63.13090605649462,38.38616464589003,-0.2629676661397144,81.15999999999997,1.730599338159055e-17
h=14d,Random Forest (fair),65.05979220742535,0.24320846712691996,64.96897667328862,65.15060774156207,46.58484302102273,-0.3413416118951928,81.15999999999997,1.730599338159055e-17
h=14d,Standalone LSTM,33.558392170283916,1.2950769819049437,33.07480247766645,34.04198186290138,19.842390328270287,0.652128499012269,81.15999999999997,1.730599338159055e-17
h=14d,ILT (proposed),33.123891223899754,1.858602161933408,32.42987777084195,33.81790467695756,19.791183465706446,0.6605356170459458,81.15999999999997,1.730599338159055e-17
h=21d,SARIMA,63.44193034132625,0.0,63.44193034132624,63.44193034132624,38.70843981901539,-0.2669969689210085,81.36000000000001,1.5677934412265474e-17
h=21d,Random Forest (fair),65.98421536485255,0.29797879267288985,65.87294825504472,66.09548247466037,47.45270968697709,-0.37060235400211466,81.36000000000001,1.5677934412265474e-17
h=21d,Standalone LSTM,34.93847709945853,1.7816823378710283,34.27318598074397,35.603768218173094,21.229660270875275,0.6251337869476764,81.36000000000001,1.5677934412265474e-17
h=21d,ILT (proposed),34.23120781397943,1.4601204558345386,33.68598987536478,34.77642575259408,21.00382856697542,0.6404282190161376,81.36000000000001,1.5677934412265474e-17
h=28d,SARIMA,63.75802863019444,0.0,63.75802863019442,63.75802863019442,39.04091015746384,-0.2711691754447227,81.03999999999996,1.836286935195817e-17
h=28d,Random Forest (fair),66.27711140801433,0.3547265750484764,66.14465432802005,66.40956848800862,48.15525978291912,-0.37363947311635926,81.03999999999996,1.836286935195817e-17
h=28d,Standalone LSTM,36.483708872925895,1.6461517875012335,35.86902569343762,37.09839205241417,22.8152364037247,0.5942392530502896,81.03999999999996,1.836286935195817e-17
h=28d,ILT (proposed),36.67674013851662,2.5890648475013505,35.70996743599494,37.6435128410383,22.799439384479385,0.5887682086271505,81.03999999999996,1.836286935195817e-17
