horizon,comparison,mean_diff,ci_lo,ci_hi,pct_improvement,t_stat,p_raw,cohens_dz,wins,p_holm,decision
h=1d,ILT vs SARIMA,-32.54472749340503,-33.19513452338831,-31.894320463421742,52.01991680360467,-102.33813334759546,5.791622353464561e-39,-18.684301375816577,30/30,5.791622353464561e-38,Reject H0
h=1d,ILT vs Random Forest (fair),-33.80799075897381,-34.456200195724676,-33.15978132222294,52.969563133749766,-106.6709321416077,1.7453812680213417e-39,-19.475358588020466,30/30,1.919919394823476e-38,Reject H0
h=1d,ILT vs Standalone LSTM,-1.0870805077214938,-1.9818744021525607,-0.19228661329042684,3.494940671634139,-2.48473899030158,0.009491065140402015,-0.45364919816692856,18/30,0.047455325702010075,Reject H0
h=7d,ILT vs SARIMA,-31.228707064225564,-31.757746549944482,-30.699667578506645,49.7090172764558,-120.72799686480808,4.855049856079366e-41,-22.041815735089447,30/30,6.311564812903175e-40,Reject H0
h=7d,ILT vs Random Forest (fair),-32.836542947026835,-33.37879200818472,-32.29429388586895,50.964000505681994,-123.85133657404207,2.3179709846984297e-41,-22.61205693958915,30/30,3.2451593785778017e-40,Reject H0
h=7d,ILT vs Standalone LSTM,-0.6469542147175075,-1.5019866112710958,0.20807818183608084,2.0066027904685924,-1.5475085416368821,0.0662927448619788,-0.28253511206214765,18/30,0.1988782345859364,Fail to reject H0
h=14d,ILT vs SARIMA,-30.007014832594862,-30.70102828565267,-29.313001379537056,47.53141798050892,-88.42946190327943,3.952462021849962e-37,-16.144937010823288,30/30,3.161969617479969e-36,Reject H0
h=14d,ILT vs Random Forest (fair),-31.935900983525602,-32.652144115343496,-31.219657851707712,49.087001202996014,-91.19284840322706,1.6242828781479531e-37,-16.649460051198812,30/30,1.4618545903331578e-36,Reject H0
h=14d,ILT vs Standalone LSTM,-0.43450094638416253,-1.2877664407248293,0.41876454795650425,1.2947609175653962,-1.0414744542860954,0.1531302842653472,-0.19014635055929247,17/30,0.3062605685306944,Fail to reject H0
h=21d,ILT vs SARIMA,-29.210722527346814,-29.755940465961466,-28.665504588732162,46.04324359329728,-109.57569689075855,8.022772298576325e-40,-20.005693647139054,30/30,9.62732675829159e-39,Reject H0
h=21d,ILT vs Random Forest (fair),-31.753007550873118,-32.266083913886455,-31.239931187859778,48.12212644387497,-126.57412609791353,1.2351351804659976e-41,-23.1091680201102,30/30,1.8527027706989964e-40,Reject H0
h=21d,ILT vs Standalone LSTM,-0.7072692854790975,-1.5549582813070888,0.1404197103488939,2.0243277446401975,-1.7064372838990927,0.04930765932507132,-0.3115513977864601,18/30,0.19723063730028528,Fail to reject H0
h=28d,ILT vs SARIMA,-27.081288491677793,-28.04806119419947,-26.114515789156115,42.47510325131461,-57.29108178774285,1.077971783985795e-31,-10.459872613006715,30/30,6.46783070391477e-31,Reject H0
h=28d,ILT vs Random Forest (fair),-29.600371269497696,-30.56569599085745,-28.635046548137943,44.66152890591787,-62.71418870660857,7.986575705897351e-33,-11.449991943415084,30/30,5.590602994128145e-32,Reject H0
h=28d,ILT vs Standalone LSTM,0.1930312655907245,-1.0606932316347895,1.4467557628162384,-0.5290889318930292,0.31489634853447923,0.6224525020917164,0.05749194445611438,16/30,0.6224525020917164,Fail to reject H0
