source,model,horizon_days,metric,n,mean,std,se,t_crit,ci_lo,ci_hi,half_width
multi_horizon (nb08),RF (fair),1,RMSE,30,63.825315,0.24427,0.044597,2.04523,63.734103,63.916527,0.091212
multi_horizon (nb08),Standalone LSTM,1,RMSE,30,31.104405,1.499761,0.273818,2.04523,30.544385,31.664425,0.56002
multi_horizon (nb08),ILT (proposed),1,RMSE,30,30.017325,1.741822,0.318012,2.04523,29.366918,30.667732,0.650407
multi_horizon (nb08),RF (fair),1,MAE,30,45.335159,0.258129,0.047128,2.04523,45.238772,45.431546,0.096387
multi_horizon (nb08),Standalone LSTM,1,MAE,30,16.932853,0.981455,0.179188,2.04523,16.566372,17.299334,0.366481
multi_horizon (nb08),ILT (proposed),1,MAE,30,16.536472,1.276294,0.233018,2.04523,16.059896,17.013048,0.476576
multi_horizon (nb08),RF (fair),1,R2,30,-0.308342,0.010016,0.001829,2.04523,-0.312082,-0.304602,0.00374
multi_horizon (nb08),Standalone LSTM,1,R2,30,0.697075,0.02908,0.005309,2.04523,0.686216,0.707933,0.010859
multi_horizon (nb08),ILT (proposed),1,R2,30,0.717595,0.032954,0.006017,2.04523,0.70529,0.7299,0.012305
multi_horizon (nb08),SARIMA,1,RMSE,1,62.562052,,,,,,
multi_horizon (nb08),RF (fair),7,RMSE,30,64.430858,0.288499,0.052672,2.04523,64.323131,64.538585,0.107727
multi_horizon (nb08),Standalone LSTM,7,RMSE,30,32.24127,1.465914,0.267638,2.04523,31.693888,32.788651,0.547381
multi_horizon (nb08),ILT (proposed),7,RMSE,30,31.594315,1.416794,0.25867,2.04523,31.065276,32.123355,0.529039
multi_horizon (nb08),RF (fair),7,MAE,30,46.037522,0.298338,0.054469,2.04523,45.926121,46.148923,0.111401
multi_horizon (nb08),Standalone LSTM,7,MAE,30,18.460651,1.211792,0.221242,2.04523,18.00816,18.913141,0.45249
multi_horizon (nb08),ILT (proposed),7,MAE,30,18.083933,1.069656,0.195292,2.04523,17.684516,18.483349,0.399416
multi_horizon (nb08),RF (fair),7,R2,30,-0.324867,0.011866,0.002167,2.04523,-0.329298,-0.320436,0.004431
multi_horizon (nb08),Standalone LSTM,7,R2,30,0.676492,0.02958,0.005401,2.04523,0.665446,0.687537,0.011045
multi_horizon (nb08),ILT (proposed),7,R2,30,0.689361,0.028257,0.005159,2.04523,0.67881,0.699913,0.010551
multi_horizon (nb08),SARIMA,7,RMSE,1,62.823022,,,,,,
multi_horizon (nb08),RF (fair),14,RMSE,30,65.059792,0.243208,0.044404,2.04523,64.968977,65.150608,0.090816
multi_horizon (nb08),Standalone LSTM,14,RMSE,30,33.558392,1.295077,0.236448,2.04523,33.074802,34.041982,0.48359
multi_horizon (nb08),ILT (proposed),14,RMSE,30,33.123891,1.858602,0.339333,2.04523,32.429878,33.817905,0.694013
multi_horizon (nb08),RF (fair),14,MAE,30,46.584843,0.219717,0.040115,2.04523,46.502799,46.666887,0.082044
multi_horizon (nb08),Standalone LSTM,14,MAE,30,19.84239,1.042459,0.190326,2.04523,19.45313,20.231651,0.38926
multi_horizon (nb08),ILT (proposed),14,MAE,30,19.791183,1.195319,0.218234,2.04523,19.344844,20.237523,0.446339
multi_horizon (nb08),RF (fair),14,R2,30,-0.341342,0.010009,0.001827,2.04523,-0.345079,-0.337604,0.003738
multi_horizon (nb08),Standalone LSTM,14,R2,30,0.652128,0.026923,0.004916,2.04523,0.642075,0.662182,0.010053
multi_horizon (nb08),ILT (proposed),14,R2,30,0.660536,0.037986,0.006935,2.04523,0.646352,0.67472,0.014184
multi_horizon (nb08),SARIMA,14,RMSE,1,63.130906,,,,,,
multi_horizon (nb08),RF (fair),21,RMSE,30,65.984215,0.297979,0.054403,2.04523,65.872948,66.095482,0.111267
multi_horizon (nb08),Standalone LSTM,21,RMSE,30,34.938477,1.781682,0.325289,2.04523,34.273186,35.603768,0.665291
multi_horizon (nb08),ILT (proposed),21,RMSE,30,34.231208,1.46012,0.26658,2.04523,33.68599,34.776426,0.545218
multi_horizon (nb08),RF (fair),21,MAE,30,47.45271,0.296571,0.054146,2.04523,47.341968,47.563451,0.110741
multi_horizon (nb08),Standalone LSTM,21,MAE,30,21.22966,1.219734,0.222692,2.04523,20.774204,21.685117,0.455456
multi_horizon (nb08),ILT (proposed),21,MAE,30,21.003829,1.141574,0.208422,2.04523,20.577558,21.430099,0.426271
multi_horizon (nb08),RF (fair),21,R2,30,-0.370602,0.012364,0.002257,2.04523,-0.375219,-0.365986,0.004617
multi_horizon (nb08),Standalone LSTM,21,R2,30,0.625134,0.038359,0.007003,2.04523,0.61081,0.639457,0.014323
multi_horizon (nb08),ILT (proposed),21,R2,30,0.640428,0.030603,0.005587,2.04523,0.629001,0.651856,0.011427
multi_horizon (nb08),SARIMA,21,RMSE,1,63.44193,,,,,,
multi_horizon (nb08),RF (fair),28,RMSE,30,66.277111,0.354727,0.064764,2.04523,66.144654,66.409568,0.132457
multi_horizon (nb08),Standalone LSTM,28,RMSE,30,36.483709,1.646152,0.300545,2.04523,35.869026,37.098392,0.614683
multi_horizon (nb08),ILT (proposed),28,RMSE,30,36.67674,2.589065,0.472696,2.04523,35.709967,37.643513,0.966773
multi_horizon (nb08),RF (fair),28,MAE,30,48.15526,0.329109,0.060087,2.04523,48.032368,48.278151,0.122891
multi_horizon (nb08),Standalone LSTM,28,MAE,30,22.815236,1.380386,0.252023,2.04523,22.299792,23.330681,0.515444
multi_horizon (nb08),ILT (proposed),28,MAE,30,22.799439,1.610019,0.293948,2.04523,22.198248,23.40063,0.601191
multi_horizon (nb08),RF (fair),28,R2,30,-0.373639,0.014693,0.002683,2.04523,-0.379126,-0.368153,0.005487
multi_horizon (nb08),Standalone LSTM,28,R2,30,0.594239,0.036674,0.006696,2.04523,0.580545,0.607933,0.013694
multi_horizon (nb08),ILT (proposed),28,R2,30,0.588768,0.057434,0.010486,2.04523,0.567322,0.610214,0.021446
multi_horizon (nb08),SARIMA,28,RMSE,1,63.758029,,,,,,
