rank,feature,abs_pearson_corr,mutual_info,in_RF_fair_set,in_DL_seq_set
1,cases_lag_14,0.9564,5.4948,False,True
2,cases_lag_28,0.8758,5.4946,False,True
3,cases_lag_21,0.9193,5.4883,False,True
4,cases_diff_14,0.1477,5.188,False,True
5,cases_max_7,0.9461,4.9189,False,True
6,cases_max_14,0.932,4.8354,False,True
7,cases_max_28,0.9007,4.6867,False,True
8,week_of_year,0.0372,3.1406,True,True
9,cases_7d_avg,0.9943,2.762,False,True
10,week_sin,0.0333,2.5336,True,True
11,week_cos,0.3822,2.5089,True,True
12,cases_ema_14,0.9297,2.4108,False,True
13,cases_ema_28,0.8965,2.381,False,True
14,cases_mean_28,0.8879,2.3385,False,True
15,cases_mean_14,0.9272,2.2232,False,True
16,cases_mean_7,0.9438,2.2006,False,True
17,population_density,0.1243,2.0372,True,True
18,month,0.0394,1.9731,True,True
19,month_sin,0.1023,1.4534,True,True
20,month_cos,0.3675,1.4216,True,True
21,day_of_year,0.0391,1.3723,True,True
22,cases_std_28,0.7883,1.3224,False,True
23,quarter,0.0318,1.0763,True,True
24,cases_std_7,0.5572,0.9509,False,True
25,day_cos,0.3882,0.8861,True,True
26,humidity_mean_28,0.0705,0.8019,True,True
27,day_sin,0.0047,0.7853,True,True
28,cases_std_14,0.7167,0.714,False,True
29,temp_mean_28,0.2039,0.6817,True,True
30,rain_sum_28,0.0664,0.6151,True,True
31,is_rainy_season,0.2878,0.4819,True,True
32,humidity_mean_14,0.0501,0.4762,True,True
33,temp_mean_14,0.1774,0.4333,True,True
34,rain_sum_14,0.0392,0.4226,True,True
35,humidity_7d_avg,0.0388,0.3144,True,True
36,humidity_mean_7,0.0388,0.3132,True,True
37,temp_mean_7,0.1588,0.2751,True,True
38,temperature_7d_avg,0.1588,0.2719,True,True
39,rain_sum_7,0.026,0.2711,True,True
40,rainfall_7d_sum,0.026,0.2704,True,True
41,humidity,0.0253,0.1803,True,True
42,humidity_lag_14,0.0475,0.1759,True,True
43,temp_humidity,0.1229,0.1646,True,True
44,temperature_min,0.1666,0.1406,True,True
45,temp_range,0.1218,0.1243,True,True
46,temp_lag_21,0.1506,0.1231,True,True
47,temp_lag_14,0.15,0.1141,True,True
48,temperature_max,0.0141,0.1064,True,True
49,temperature,0.1324,0.1042,True,True
50,rain_lag_14,0.0223,0.0755,True,True
51,windspeed_max,0.024,0.0663,True,True
52,rain_lag_21,0.032,0.0635,True,True
53,rain_lag_28,0.0491,0.0615,True,True
54,windspeed,0.0376,0.0609,True,True
55,temp_rain,0.014,0.0574,True,True
56,rain_humidity,0.0112,0.0511,True,True
57,rainfall,0.0111,0.0354,True,True
58,rain_diff,0.0017,0.0351,True,True
59,day_of_week,0.0002,0.0,True,True
60,temp_diff,0.0018,0.0,True,True
