Run,ILT_h1d,Standalone LSTM_h1d,ILT_h7d,Standalone LSTM_h7d,ILT_h14d,Standalone LSTM_h14d,ILT_h21d,Standalone LSTM_h21d,ILT_h28d,Standalone LSTM_h28d
0,28.914406599510784,30.822645483681658,34.558745709901416,29.519751584786047,31.642823395558466,30.46844493329665,31.901988847704263,34.02699616189994,34.94757876032331,35.77913085997917
1,29.541612896576325,30.306354478520152,30.91967557837748,29.984303419343178,33.31159902136518,32.91641392596556,36.53823504021932,33.9139066733249,36.81257657771119,35.83344191706565
2,29.514290243381453,29.807610103075397,32.27696121347057,32.661121621353956,33.044998484031304,32.22719099441718,36.05497645365102,35.66193174134344,36.902330692543394,36.47568527839474
3,29.744416900650183,27.76598503230119,31.575858092684406,30.886007904617376,35.22480864666257,34.13669643560554,33.74186223966688,34.83956990393336,34.39514870651382,41.03870686075439
4,29.343160436349134,29.138668153482275,31.484995633856038,31.477475887015853,31.553146862576654,32.8161191949299,36.99226210766724,34.52911222259154,33.73000561764972,34.78812732948624
5,29.870818135381374,28.935050325227095,31.8212920452522,33.108007107317796,32.93826006975465,31.72297621010765,33.847198585758306,35.82058776214853,37.35972808581995,35.58533241749802
6,29.776038715333513,29.99064034869577,31.841277332672266,33.2149659186008,31.715169628515504,33.276619890435946,36.75389965341634,33.18397413342163,36.17342245716614,36.732659639523916
7,30.32016922572661,29.772114797629925,32.52008460675479,30.736176867727377,30.227454745932153,34.229537888558376,35.78161915384678,31.965055536082364,34.84601458430382,33.228729132858824
8,29.113399452178655,29.03302866160814,32.48980397233856,31.428194549023335,32.50764203303771,31.409185879290867,33.85174702819158,31.829555792641028,33.8540078472789,39.770053344375704
9,30.202414093728514,30.78569981996291,32.76644350326482,29.529034020437265,33.54327932325159,33.199355686336645,34.56706477908082,34.159541450737116,36.89858533715006,36.13375199457805
10,28.529604982087978,32.08283899865461,36.96541949326602,33.34123832104171,33.51814492811288,34.09541455462727,36.008896393945285,35.762919208418616,39.595119395258884,35.84835598135712
11,30.25401998601905,30.393742229139736,30.726552447088704,31.266463390228154,33.07883323439864,35.63101667792162,35.73256997212433,35.99959364371357,37.969535804055496,35.44246934026368
12,29.09344687709914,30.023471961602507,30.594913608984985,34.543401676051595,34.064942160935836,31.28236425261591,32.56659153535428,34.24206096515182,38.91138345259645,37.02979520415415
13,30.18987068126519,32.02256091733652,33.49989546504745,31.310008580742995,33.57943639230713,31.77537750201806,32.50968009675158,35.73669338886375,37.35788813235834,37.1754767385401
14,29.223332963089415,28.839193110356177,30.83054478487689,31.437691666275125,33.423943137289385,33.94131719535493,35.350426643553256,32.33565022655133,34.65885341924201,36.93501716012501
15,29.214413482501005,28.581461978294698,31.321696534201,30.804426824849926,32.31934961338649,32.50486193374635,30.61184866724616,34.61378394693368,38.44249538563997,38.691788916004924
16,30.784651725011653,28.15714285720803,30.543164695475934,31.35594190338987,33.7085344018326,32.38042847335526,33.537968427551,35.60915474336786,35.438702726178654,36.90756421574446
17,32.235606147148886,32.04596286815649,32.08540584731657,29.741475043782874,32.102364706114074,31.51944058239907,34.906779058424945,32.91840271631626,35.210106815375624,37.62994643410026
18,30.55820599073829,30.295559857593254,31.919200912776336,29.126188060945058,31.014425408985282,32.161009557200934,33.46367885164085,36.94355175852527,40.91025652051936,36.42181292453929
19,30.537260608224738,33.630136283872694,30.14901052699762,32.73364021799584,31.744224644449314,35.077913682998414,35.9187996928064,37.21319080524545,35.09284101435364,37.97509371081005
20,27.864969107045816,31.62235225982431,30.787295262472888,34.14541094564608,32.20248752837235,36.49977226034474,35.05646903546854,34.1188381175852,34.859803961794626,35.69082135020197
21,31.657506808325635,30.116066128844356,32.919833436495416,30.587251495566687,40.101281949512696,32.19796159208292,35.026124512393245,38.01978238477899,37.37339736165083,33.13722133021419
22,29.33756575403081,30.596829316381594,31.53819704860729,32.98953052380537,32.924177452728514,35.296183214009154,34.471010154996144,33.782542743270284,33.746494298678165,38.24088548771566
23,27.67488381906561,31.514182392195625,31.09570389684881,33.63821643076137,32.431121637470994,35.058431101851184,36.51411730743965,34.72960869723671,34.97039710400007,36.930979920100704
24,31.146819314368482,29.198563545431927,29.346852726203522,32.335394691071336,30.007280819535723,31.373433433391412,33.82780801881039,34.870135665212494,35.82257166383437,32.60222972854973
25,30.80544275492794,31.75987700378213,35.54149078622278,31.27840232228702,32.836677391516105,33.38812346584831,31.705007639872,33.310818903736056,33.39880794723753,38.36139665070587
26,29.02520866139819,31.026129018986516,30.26478935512486,33.00869919183966,34.173528802928686,33.6986882974285,30.91271370368017,33.78220429336822,35.66386294474187,33.210310331842265
27,26.865336642594023,32.86840377656928,29.464698288050375,32.21356368148013,32.82439680137376,33.89701071082875,32.2101539698534,36.27278267560711,37.01698525604422,35.46180430304886
28,29.79324802272055,33.93058320656977,31.014882504675946,32.27509274366396,34.89494840523543,32.14408851967593,31.04507132027128,34.977780027341836,36.542399391672426,30.55186937757325
29,30.68425152910824,30.070110616603866,32.43288710247131,31.852264193302705,30.929569005179626,29.63722402912387,34.3989015120551,35.73796777063722,36.088689035163945,35.359530330055044
