horizon,seq_len,seed,train_s,params,rmse,mae,r2,bias,bias_sq_share,err_var,pred_mean,actual_mean,pred_sd,actual_sd,scale_ratio,var_y,n
1,1,42,9.15147089958191,41745,29.489942370835333,15.753167514062788,0.7210118788798223,-14.783601167525234,0.2513116534608408,651.1018375547358,36.87381908212802,51.657420249653256,35.45073008687211,55.83172777866427,0.6349567082611292,3117.181826750872,721
1,1,49,7.627922058105469,41745,29.973096589539736,16.6889259644799,0.7117952788457347,-15.85012555477854,0.27964186320994555,647.1600390636348,35.80729469487472,51.657420249653256,36.215786516382515,55.83172777866427,0.6486596055195365,3117.181826750872,721
1,1,56,8.765333414077759,41745,29.74995145770544,15.310608590690835,0.7160705852509242,-12.916457953300952,0.18850129849692862,718.2247256764388,38.74096229635231,51.657420249653256,34.73552959743434,55.83172777866427,0.6221467788913438,3117.181826750872,721
1,1,63,10.456393003463745,41745,29.221117993839293,15.895240672583721,0.7260750946633435,-15.052157033002327,0.26534067225516317,627.3063054637171,36.60526321665093,51.657420249653256,35.693899940874495,55.83172777866427,0.6393121144732813,3117.181826750872,721
1,1,70,8.948647499084473,41745,29.77146589290591,14.728598147494878,0.715659775183433,-12.817425121381445,0.18535364884441502,722.0537946702397,38.839995128271816,51.657420249653256,34.228588956232784,55.83172777866427,0.6130669839186494,3117.181826750872,721
1,1,77,9.202597379684448,41745,29.168751711044685,15.676990735169468,0.7270560000449501,-14.293834178689117,0.2401384990244015,646.5023808527113,37.36358607096414,51.657420249653256,36.523779856514,55.83172777866427,0.6541760627811221,3117.181826750872,721
1,1,84,7.155745506286621,41745,31.09514122248277,17.195187719288217,0.6898134721085606,-15.267885223837071,0.24108639661907813,733.7994884378852,36.38953502581619,51.657420249653256,35.80415580958797,55.83172777866427,0.6412869032376657,3117.181826750872,721
1,1,91,11.096399784088135,41745,29.463587297185516,15.009187500713507,0.7215103177591279,-13.955813914496096,0.22435672645599383,673.3382344028288,37.701606335157166,51.657420249653256,34.25634533541165,55.83172777866427,0.6135641273939312,3117.181826750872,721
1,1,98,8.05079698562622,41745,29.215945813479713,15.72938377152865,0.7261720562942313,-13.116394585280082,0.20155289741680066,681.5316828594182,38.54102566437318,51.657420249653256,37.08685975913286,55.83172777866427,0.6642613659773817,3117.181826750872,721
1,1,105,8.604436874389648,41745,29.282723672883286,15.353628967217885,0.7249188679518856,-12.37018874812556,0.17845540817625866,704.4563360381869,39.2872315015277,51.657420249653256,36.03945330205551,55.83172777866427,0.645501307875121,3117.181826750872,721
1,1,112,9.306402921676636,41745,29.312427154541492,14.826976441288316,0.7243605174659031,-12.664970305359478,0.18668300807689284,698.8169128546641,38.99244994429378,51.657420249653256,35.00248609135446,55.83172777866427,0.6269282267264964,3117.181826750872,721
1,1,119,6.128578424453735,41745,31.41757035254955,21.214083506348732,0.6833474010445373,-16.140050622881308,0.26391531470673274,726.5624927482294,35.51736962677195,51.657420249653256,45.22241713738659,55.83172777866427,0.809977031638058,3117.181826750872,721
1,1,126,7.668311834335327,41745,28.421877042748537,15.36297543756981,0.7408546759445493,-13.745840288564336,0.2339036907558938,618.8549693943982,37.911579961088925,51.657420249653256,36.80109276915258,55.83172777866427,0.6591430040468115,3117.181826750872,721
1,1,133,6.032062292098999,41745,31.464566781803015,20.42350586519097,0.6823993537141634,-19.644003949646066,0.38977727264473316,604.1320715928313,32.013416300007194,51.657420249653256,37.132642482791404,55.83172777866427,0.6650813786382839,3117.181826750872,721
1,1,140,8.587895154953003,41745,28.4499716419965,15.766280277090214,0.7403421001995041,-14.490259055497742,0.2594111410248474,599.4332789349706,37.16716119415552,51.657420249653256,37.33041895744616,55.83172777866427,0.668623745721008,3117.181826750872,721
1,1,147,10.408166408538818,41745,30.781346720352982,15.58718959482585,0.69604233612956,-12.907981953243938,0.1758496326715508,780.8753078133142,38.74943829640932,51.657420249653256,33.144000337232264,55.83172777866427,0.5936409574968953,3117.181826750872,721
1,1,154,9.108504295349121,41745,28.33100526870998,14.698783925058157,0.7425091303152203,-12.834963655008853,0.2052415645932535,637.9095675102745,38.82245659464441,51.657420249653256,36.63500749887933,55.83172777866427,0.6561682569472471,3117.181826750872,721
1,1,161,8.11617636680603,41745,30.523258579120125,15.673032474867394,0.7011180720057848,-13.333351393513144,0.19081690966584308,753.8910549049316,38.324068856140116,51.657420249653256,35.586193731148725,55.83172777866427,0.6373829925562102,3117.181826750872,721
1,1,168,10.268084049224854,41745,30.697763764585122,16.721811030249754,0.6976908141644991,-14.399795484278304,0.22003874977686758,734.9985901572336,37.257624765374956,51.657420249653256,34.72406811456128,55.83172777866427,0.6219414926978285,3117.181826750872,721
1,1,175,9.242691993713379,41745,29.160309115688005,15.21613909070601,0.7272139788493526,-14.293133495915448,0.24025401443829597,646.0299625904169,37.36428675373781,51.657420249653256,35.06003388189447,55.83172777866427,0.6279589630627986,3117.181826750872,721
1,1,182,8.503400564193726,41745,27.917788927291458,15.60086453655391,0.749965519527877,-13.418689349983998,0.23102456374798433,599.3417147174237,38.238730899669264,51.657420249653256,37.71377570791562,55.83172777866427,0.6754900342225786,3117.181826750872,721
1,1,189,9.161540031433105,41745,30.443758130973155,15.760354145649803,0.702672971726116,-12.870371393621712,0.17872513458534217,761.1759493274379,38.78704885603155,51.657420249653256,34.61023083113933,55.83172777866427,0.6199025573477847,3117.181826750872,721
1,1,196,6.498514175415039,41745,33.51756236363183,22.841857760913467,0.6396017142282235,-21.58133854651236,0.4145833943208612,657.6728133407692,30.0760817031409,51.657420249653256,40.35548503698119,55.83172777866427,0.7228055917768459,3117.181826750872,721
1,1,203,8.975100994110107,41745,30.907768773880974,16.477537321411365,0.6935404401560308,-14.555049658317671,0.22176452462348506,743.4407000235987,37.102370591335585,51.657420249653256,34.906345113881976,55.83172777866427,0.6252062492542315,3117.181826750872,721
1,1,210,7.639027833938599,41745,29.54153235003285,16.398927450912268,0.7200348962326397,-13.377706882031053,0.20506772532542156,693.7390921664964,38.27971336762221,51.657420249653256,37.33571308968801,55.83172777866427,0.6687185687267161,3117.181826750872,721
1,1,217,10.862962007522583,41745,30.451502444511597,15.847589681236869,0.7025216837945443,-14.712175096453642,0.23341906213713412,710.8459050593851,36.945245153199615,51.657420249653256,34.04536033478787,55.83172777866427,0.6097851828937682,3117.181826750872,721
1,1,224,10.437186241149902,41745,30.202154621773854,15.723570335589235,0.7073734563798876,-14.72181173369557,0.23760012558630964,695.4384030751592,36.93560851595769,51.657420249653256,34.94408619604274,55.83172777866427,0.6258822283733155,3117.181826750872,721
1,1,231,7.16260027885437,41745,32.2955667846641,16.844872236417167,0.6654017340304297,-14.511648946430084,0.20190529379880826,832.415678798274,37.14577130322318,51.657420249653256,32.87839788574587,55.83172777866427,0.5888837618654197,3117.181826750872,721
1,1,238,9.267610549926758,41745,27.813084519088175,15.292120371262625,0.7518374886484392,-12.408935986841602,0.19905393956392323,619.5859781404097,39.24848426281166,51.657420249653256,37.59796765042743,55.83172777866427,0.6734158004115224,3117.181826750872,721
1,1,245,12.09636664390564,41745,32.080575971691964,16.382409160813175,0.6698417314500302,-15.345768015526865,0.22881945311842095,793.6707586891324,36.31165223412639,51.657420249653256,32.326039894860074,55.83172777866427,0.5789904984314896,3117.181826750872,721
1,7,42,10.57430386543274,41745,28.14722938672033,14.943667575457953,0.7474230030277086,-12.73462176153829,0.20469196523618424,630.0959307392079,39.1572863303698,51.8919080919081,36.51705849889972,56.00654145771905,0.6520141674248444,3136.732686055203,715
1,7,49,10.449719667434692,41745,29.30209534112607,15.901527920159902,0.7262716089268528,-14.590388851708823,0.24793416657794068,645.733344536373,37.30151924019927,51.8919080919081,35.12512112334573,56.00654145771905,0.6271610459978625,3136.732686055203,715
1,7,56,8.053493022918701,41745,30.669553888263998,18.320635623816813,0.7001269697329333,-16.079358832675826,0.2748669583416813,682.0757552351795,35.81254925923226,51.8919080919081,38.780456581724444,56.00654145771905,0.6924272696074426,3136.732686055203,715
1,7,63,10.066393852233887,41745,27.34961391948546,14.611200626794393,0.761534865603862,-13.25636279380524,0.23493426463736056,572.2702270239291,38.635545298102855,51.8919080919081,38.13291736400172,56.00654145771905,0.6808654198508107,3136.732686055203,715
1,7,70,8.635842561721802,41745,30.722332600112956,16.56732784127379,0.6990939889178199,-12.994768842426572,0.17890758107869362,774.997703123863,38.89713924948152,51.8919080919081,35.650657556711494,56.00654145771905,0.6365445290640772,3136.732686055203,715
1,7,77,12.05340838432312,41745,29.711722563162482,15.501706541644468,0.7185649699781901,-14.04563942703453,0.22347418812346315,685.5064707560717,37.84626866487356,51.8919080919081,35.58068990956867,56.00654145771905,0.6352952527238189,3136.732686055203,715
1,7,84,11.485590934753418,41745,29.85945110519803,15.551682933655892,0.7157593873818482,-13.527598181280581,0.20524744016723978,708.5909077495262,38.36430991062751,51.8919080919081,35.586110577347654,56.00654145771905,0.635392039056949,3136.732686055203,715
1,7,91,8.304684162139893,41745,30.40957803472352,18.483227014261765,0.7051892753370362,-16.541262621080485,0.29588062402448484,651.1290671503848,35.35064547082761,51.8919080919081,37.37820727929616,56.00654145771905,0.6673900281365177,3136.732686055203,715
1,7,98,11.228419065475464,41745,29.48499665620484,15.623872265925298,0.7228437629762656,-13.830521076518696,0.22002646429023642,678.0817145683828,38.06138701538939,51.8919080919081,35.60036027930439,56.00654145771905,0.6356464683001382,3136.732686055203,715
1,7,105,7.939980506896973,41745,32.56809727429568,18.77034392044856,0.6618516570495803,-16.199638758148705,0.24741492095577264,798.2526641734722,35.69226933375939,51.8919080919081,33.200556162631194,56.00654145771905,0.5927978285839208,3136.732686055203,715
1,7,112,9.385376691818237,41745,30.967597412653916,16.601069325095526,0.6942703808406923,-14.307162896212523,0.21344796518903317,754.2971793734495,37.58474519569557,51.8919080919081,34.73889648932019,56.00654145771905,0.6202649830742643,3136.732686055203,715
1,7,119,13.71405816078186,41745,32.51001273460982,16.99827986456655,0.6630567428639687,-16.1127992149595,0.2456448770764027,797.2786294628933,35.77910887694859,51.8919080919081,32.6710615145382,56.00654145771905,0.5833436713674335,3136.732686055203,715
1,7,126,15.665446996688843,41745,30.21594909466266,16.121153051965127,0.7089316588085003,-14.320432042551566,0.22461552007790458,707.9288058059071,37.57147604935653,51.8919080919081,34.803152074050395,56.00654145771905,0.6214122702135481,3136.732686055203,715
1,7,133,11.448264837265015,41745,28.961377003260036,14.887231915099518,0.7326003067925444,-13.003479316494206,0.20159545112189162,669.6708835904667,38.888428775413885,51.8919080919081,35.275598379710104,56.00654145771905,0.6298478260140499,3136.732686055203,715
1,7,140,10.918660402297974,41745,28.284885848930465,15.395309258460047,0.7449464625902944,-14.674442264393017,0.2691623720896554,584.6955117160227,37.21746582751508,51.8919080919081,37.756051717372785,56.00654145771905,0.6741364621822955,3136.732686055203,715
1,7,147,9.84010934829712,41745,27.102797798743,14.249206079374423,0.7658194937091235,-11.654691721318843,0.18491550626518063,598.7298094005704,40.23721637058925,51.8919080919081,37.888137632747004,56.00654145771905,0.6764948637535465,3136.732686055203,715
1,7,154,11.54469609260559,41745,28.44117940578861,15.064359387579739,0.7421199805809597,-12.04596032010211,0.17938563107469535,663.7955259587795,39.84594777180598,51.8919080919081,35.4453169342138,56.00654145771905,0.63287816050867,3136.732686055203,715
1,7,161,11.108105421066284,41745,28.034361884613244,14.754821175461885,0.7494445574621642,-12.748242074935945,0.2067851050897179,623.4077702762886,39.14366601697215,51.8919080919081,37.16742009392633,56.00654145771905,0.6636264108896116,3136.732686055203,715
1,7,168,12.729843139648438,41745,29.519823485792823,15.435223756898774,0.7221886383540463,-13.484642149327875,0.2086658308899556,689.5844047369357,38.40726594258022,51.8919080919081,33.59347044007329,56.00654145771905,0.5998133354732137,3136.732686055203,715
1,7,175,21.133767127990723,41745,31.94988003042439,16.939934454097614,0.674567476375465,-16.551784166732393,0.26838062849486166,746.833274856418,35.3401239251757,51.8919080919081,33.7701124248058,56.00654145771905,0.6029672882104286,3136.732686055203,715
1,7,182,10.504567623138428,41745,28.123116963213274,14.952565597225501,0.7478555596265256,-12.524677877302294,0.1983381344263589,634.0421517963886,39.3672302146058,51.8919080919081,36.01485462642251,56.00654145771905,0.6430472885673749,3136.732686055203,715
1,7,189,11.852858066558838,41745,29.89459895824969,17.04115581281416,0.7150898287101104,-13.645980409451656,0.20836464172370484,707.4742655394451,38.24592768245644,51.8919080919081,37.083772895338775,56.00654145771905,0.6621328853761552,3136.732686055203,715
1,7,196,9.460342645645142,41745,28.54275992585215,15.613932172830527,0.7402746023572078,-14.709001737017257,0.26556722112218484,598.3344120852549,37.18290635489084,51.8919080919081,35.74706126305629,56.00654145771905,0.6382658227529149,3136.732686055203,715
1,7,203,11.033658981323242,41745,27.404702839109348,14.206738829827096,0.7605732420111393,-11.394698114804813,0.1728842590658238,621.1785925723518,40.49720997710328,51.8919080919081,36.342215587346594,56.00654145771905,0.6488923372421126,3136.732686055203,715
1,7,210,8.947232246398926,41745,31.09074315944486,18.21803440493006,0.6918340174462811,-15.9362172688191,0.26272916050821415,712.6712893675592,35.95569082308899,51.8919080919081,36.828754222607486,56.00654145771905,0.6575795123933973,3136.732686055203,715
1,7,217,9.9198739528656,41745,28.070909408074446,14.238270589902804,0.7487908489941195,-12.825702484980688,0.20876099478696344,623.4773107630826,39.066205606927404,51.8919080919081,36.40984752435113,56.00654145771905,0.6500999093443035,3136.732686055203,715
1,7,224,11.483038902282715,41745,28.657301805536164,14.792346941960322,0.738185867598941,-13.145464880959496,0.21041723213562658,648.4376998370471,38.7464432109486,51.8919080919081,36.04335092488059,56.00654145771905,0.64355609160567,3136.732686055203,715
1,7,231,11.164186477661133,41745,31.440055949473706,16.847406929475323,0.6848704633007288,-15.499260292329513,0.2430274461685743,748.2500484966545,36.39264779957858,51.8919080919081,34.21588400891782,56.00654145771905,0.6109265653325223,3136.732686055203,715
1,7,238,10.406351327896118,41745,29.111521702530997,15.422717042783878,0.7298205551258701,-13.817290043140149,0.2252765226088348,656.5631917006733,38.074618048767945,51.8919080919081,36.241613636756995,56.00654145771905,0.647096083662242,3136.732686055203,715
1,7,245,10.402805089950562,41745,27.10859469440466,14.558492628749196,0.7657193073631996,-13.498610062508675,0.24794998999995876,552.663432685844,38.39329802939942,51.8919080919081,37.275784589069225,56.00654145771905,0.6655612651463184,3136.732686055203,715
1,14,42,14.454605340957642,41745,30.2074897844761,15.979222774313186,0.7111286174132523,-12.400393884541819,0.16851621110082532,758.7226705874458,39.787055671551805,52.18744955609362,33.15364882258529,56.20337262288659,0.5898871771457499,3158.819094187038,708
1,14,49,12.980512142181396,41745,29.856756306735804,16.599740908788615,0.7177977368820395,-12.517501430467217,0.17577214501056726,734.7380550980592,39.669948125626405,52.18744955609362,35.50426341140797,56.20337262288659,0.631710549643248,3158.819094187038,708
1,14,56,9.495991706848145,41745,30.858032449895067,21.427446560621863,0.6985524848728818,-20.062786066646463,0.42271340627741744,549.7027819227536,32.12466348944716,52.18744955609362,38.542615492154034,56.20337262288659,0.685770509730213,3158.819094187038,708
1,14,63,13.350219964981079,41745,30.646342678938918,16.54644540796557,0.7026742299603999,-15.478486505749729,0.25509366819566004,699.6147750862767,36.7089630503439,52.18744955609362,34.914773596368036,56.20337262288659,0.6212220364539188,3158.819094187038,708
1,14,70,12.336938381195068,41745,28.13032812445185,15.489527642726898,0.7494901300788226,-12.523040578334538,0.19818463431501554,634.4888150627133,39.66440897775909,52.18744955609362,38.22907484323454,56.20337262288659,0.680191829407534,3158.819094187038,708
1,14,77,11.538089275360107,41745,29.109864688423535,15.282529605021871,0.7317401861544678,-14.452832906067227,0.24650491895368457,638.4998431676277,37.734616650026396,52.18744955609362,35.93020651579349,56.20337262288659,0.6392891536399071,3158.819094187038,708
1,14,84,10.956098794937134,41745,29.26419967556653,16.597910544100646,0.7288881201752291,-15.018465978085178,0.26337700045810347,630.839062316526,37.168983578008444,52.18744955609362,37.280081818518795,56.20337262288659,0.6633068458126294,3158.819094187038,708
1,14,91,15.68388032913208,41745,30.814694941635345,16.246077261786965,0.6993986056075729,-14.848472169371167,0.23219228918556786,729.068298581457,37.338977386722455,52.18744955609362,34.16143391644051,56.20337262288659,0.6078182201921744,3158.819094187038,708
1,14,98,13.674001932144165,41745,28.188331697518453,14.462590473423663,0.7484559830122783,-13.336579195331238,0.22384641837956826,616.7176992559815,38.850870360762386,52.18744955609362,36.33414352969811,56.20337262288659,0.6464762136872632,3158.819094187038,708
1,14,105,10.50432014465332,41745,32.169861241188684,17.84088641162165,0.6723775748406136,-17.275394054095145,0.28837496156033304,736.4607325530679,34.91205550199848,52.18744955609362,34.61313609486123,56.20337262288659,0.615855143197695,3158.819094187038,708
1,14,112,12.453454971313477,41745,29.86381400300302,16.19517485478696,0.7176643042182549,-14.742045504369498,0.2436828417821953,674.5194811530583,37.445404051724125,52.18744955609362,36.74166944315295,56.20337262288659,0.653727129325178,3158.819094187038,708
1,14,119,13.856065034866333,41745,31.492695585263043,17.124914238633792,0.6860251107601665,-15.477782467135121,0.2415448635683592,752.2281251260914,36.709667088958504,52.18744955609362,34.025342381622096,56.20337262288659,0.6053968079447002,3158.819094187038,708
1,14,126,18.038514375686646,41745,30.013706158323135,16.35729381232804,0.7148229985642778,-15.91104099118392,0.28103339925853893,647.6613319350289,36.2764085649097,52.18744955609362,35.73542815869198,56.20337262288659,0.6358235545484,3158.819094187038,708
1,14,133,13.840640306472778,41745,28.80376201494496,14.661542807258455,0.7373522568163693,-11.994827104297928,0.17341615656748624,685.7808289515862,40.1926224517957,52.18744955609362,35.656896451153294,56.20337262288659,0.6344262770564313,3158.819094187038,708
1,14,140,11.7614586353302,41745,29.09920822405571,15.987126401877385,0.7319365579291344,-13.85013176271086,0.22654029710018497,654.9377694224994,38.337317793382766,52.18744955609362,37.000801681725996,56.20337262288659,0.6583377465618298,3158.819094187038,708
1,14,147,13.024323463439941,41745,29.404873635235276,15.613537782810694,0.7262753681920862,-14.663676785691504,0.2486835875959473,649.6231766289267,37.52377277040212,52.18744955609362,35.768925304969,56.20337262288659,0.6364195534131262,3158.819094187038,708
1,14,154,13.309393405914307,41745,28.684549649643316,14.480290783423392,0.7395218389945147,-12.595035996621805,0.19279810213903764,664.1684568466535,39.59241355947182,52.18744955609362,35.52243938106721,56.20337262288659,0.632033946066114,3158.819094187038,708
1,14,161,10.597455263137817,41745,32.2111954970775,18.65356006191651,0.6715351261297935,-16.955032768130117,0.2770662199220244,750.0879791825796,35.23241678796351,52.18744955609362,36.81683112213461,56.20337262288659,0.655064445494547,3158.819094187038,708
1,14,168,9.118042469024658,41745,29.677737609008208,19.18725197058319,0.7211717153381914,-18.284714125345698,0.37959000445823904,546.4373389435235,33.90273543074793,52.18744955609362,40.2876128499328,56.20337262288659,0.7168184215608312,3158.819094187038,708
1,14,175,12.920234441757202,41745,30.236577664041846,15.386341710500506,0.7105720202476717,-13.487345233619743,0.19897003700496993,732.3421473827887,38.700104322473884,52.18744955609362,33.34912620630121,56.20337262288659,0.593365213686858,3158.819094187038,708
1,14,182,10.566255807876587,41745,28.57122389506085,15.878024736005901,0.7415759464149418,-13.653534167543162,0.22836654107339915,629.8958395974275,38.53391538855046,52.18744955609362,36.95924589076353,56.20337262288659,0.6575983640475225,3158.819094187038,708
1,14,189,13.366456508636475,41745,31.276812436854403,16.301670215512782,0.6903149667512276,-15.501376357936783,0.24563799840461037,737.9463272197688,36.68607319815684,52.18744955609362,33.52439651395121,56.20337262288659,0.5964837152904189,3158.819094187038,708
1,14,196,10.567867279052734,41745,30.241677565840835,17.51570517636529,0.7104743783272419,-17.12563930314765,0.32068734948766847,621.2715404547652,35.061810252945975,52.18744955609362,35.48178187447194,56.20337262288659,0.631310546300266,3158.819094187038,708
1,14,203,11.274057865142822,41745,30.542813051600028,16.335552135790614,0.7046796915905458,-15.5401532858538,0.25887644065919696,691.3670649571565,36.64729627023983,52.18744955609362,35.32121960580353,56.20337262288659,0.6284537378708901,3158.819094187038,708
1,14,210,17.662197828292847,41745,31.41492894780452,16.001851072900234,0.6875738270001825,-15.690725801162321,0.24946745848200433,740.6988846283454,36.4967237549313,52.18744955609362,34.04452266178259,56.20337262288659,0.6057380735888314,3158.819094187038,708
1,14,217,13.984223127365112,41745,29.7134954393239,15.620292632881915,0.7204994066145007,-14.599928176143269,0.24143150954513717,669.7339084741802,37.58752137995036,52.18744955609362,34.35064041975374,56.20337262288659,0.6111846819271803,3158.819094187038,708
1,14,224,12.187519311904907,41745,27.510709815212973,14.920975329704683,0.7604044005148584,-12.875849060900661,0.21905247375916936,591.0516654977589,39.31160049519296,52.18744955609362,36.98351249717391,56.20337262288659,0.6580301282865336,3158.819094187038,708
1,14,231,11.116122007369995,41745,31.41570480852562,17.36310061410707,0.6875583947074935,-15.182570826680166,0.2335592201752733,756.4360517092603,37.004878729413456,52.18744955609362,33.08376667057906,56.20337262288659,0.5886437971003009,3158.819094187038,708
1,14,238,11.681529760360718,41745,28.29762451103369,14.994946960098229,0.7465016105414105,-12.871092518651746,0.20688588672256902,635.0905303437619,39.316357037441875,52.18744955609362,36.43562230681212,56.20337262288659,0.648281777524062,3158.819094187038,708
1,14,245,14.31438136100769,41745,31.573123168684052,16.17473309207482,0.6844193741707616,-14.531861674121737,0.21183973421438382,785.6871029090854,37.65558788197189,52.18744955609362,32.638447382232464,56.20337262288659,0.5807204418359363,3158.819094187038,708
1,21,42,17.277233362197876,41745,30.23265687475273,15.183672856089295,0.7125441934779464,-13.829561488798928,0.20924938444060612,722.7567707340633,38.68297162715787,52.5125331159568,34.34732475045524,56.388529891912334,0.609118996652218,3179.6663033710906,701
1,21,49,17.82661271095276,41745,29.293189111467,15.107695697110419,0.7301317665283245,-13.52824073462664,0.21327960864507134,675.0776309461572,38.98429238133016,52.5125331159568,35.88917178223736,56.388529891912334,0.6364622708027871,3179.6663033710906,701
1,21,56,14.0235013961792,41745,29.37818714036791,15.9780742158126,0.728563378257825,-14.0657169126993,0.22923121647770586,665.2334873862833,38.4468162032575,52.5125331159568,35.22895354704219,56.388529891912334,0.624753892583658,3179.6663033710906,701
1,21,63,15.40700626373291,41745,30.2338125368622,17.02307315797847,0.7125222167039943,-15.551404561048033,0.26457780372535283,672.2372366927403,36.96112855490876,52.5125331159568,35.88074195793387,56.388529891912334,0.6363127754298867,3179.6663033710906,701
1,21,70,12.833553791046143,41745,28.847529710564938,16.09279647606173,0.7382807216217477,-14.101586950512798,0.23895642961321198,633.3252158790539,38.410946165443995,52.5125331159568,38.114490749130354,56.388529891912334,0.6759263066831083,3179.6663033710906,701
1,21,77,17.20734453201294,41745,30.192946873162427,15.943592641852602,0.7132988326733805,-14.064328616278123,0.21698364719623792,713.808701458949,38.448204499678674,52.5125331159568,35.1533591782632,56.388529891912334,0.6234132942576529,3179.6663033710906,701
1,21,84,15.908125638961792,41745,30.401851152149547,16.219690643164398,0.7093177505773041,-14.92881718327126,0.24112972050616135,701.4029709859213,37.583715932685536,52.5125331159568,34.24773016615128,56.388529891912334,0.6073527760308457,3179.6663033710906,701
1,21,91,17.64099431037903,41745,27.65612269968973,14.404546085724599,0.7594523922307868,-12.523737920528276,0.20506207837044343,608.0171112782157,39.988795195428516,52.5125331159568,36.62942814669946,56.388529891912334,0.6495900534543485,3179.6663033710906,701
1,21,98,19.35247039794922,41745,29.041244310931262,15.096108207251746,0.7347539676622579,-13.668096062314468,0.22150605590597333,656.577021158541,38.84443705364233,52.5125331159568,34.87394319457226,56.388529891912334,0.6184581024087692,3179.6663033710906,701
1,21,105,19.381372451782227,41745,29.598509642529482,15.145080776449761,0.7244768194291027,-14.230852626894213,0.23116504003007507,673.5546065705286,38.28168048906258,52.5125331159568,34.65181252879168,56.388529891912334,0.6145188142910195,3179.6663033710906,701
1,21,112,16.341193437576294,41745,29.494472154247106,15.014431304884996,0.7264103196189605,-12.169956421060135,0.17025379046584804,721.8160483671552,40.34257669489666,52.5125331159568,34.99268135594613,56.388529891912334,0.6205638171986648,3179.6663033710906,701
1,21,119,19.750415325164795,41745,29.65063591665386,15.395832562606932,0.7235055108361919,-13.84428392856894,0.21800827114061716,687.4960127671318,38.66824918738786,52.5125331159568,34.156043002965234,56.388529891912334,0.6057267864304465,3179.6663033710906,701
1,21,126,19.708756923675537,41745,28.776746917661175,15.16081899337718,0.7395635000172291,-13.165027701759959,0.20929562968620824,654.7832087750148,39.34750541419684,52.5125331159568,36.203309979931355,56.388529891912334,0.6420332299729613,3179.6663033710906,701
1,21,133,16.02326273918152,41745,29.612048886199368,16.315423679711355,0.7242246966893986,-15.619842373379772,0.2782379586968258,632.8939634694309,36.892690742577024,52.5125331159568,36.77236495443503,56.388529891912334,0.6521249095325181,3179.6663033710906,701
1,21,140,16.741023063659668,41745,30.38718525266625,16.654318327278915,0.7095981340554869,-13.65923308427304,0.20205596918046229,736.8063791293579,38.85330003168375,52.5125331159568,35.03198020249177,56.388529891912334,0.6212607469930923,3179.6663033710906,701
1,21,147,15.139735221862793,41745,30.874934241003732,16.099892326350705,0.7002007527092845,-14.276381261192759,0.2138081189145067,749.4465024713691,38.23615185476404,52.5125331159568,34.56596235240948,56.388529891912334,0.6129963384161073,3179.6663033710906,701
1,21,154,12.025448560714722,41745,30.319672544073352,17.40322778663204,0.7108871008869044,-15.760564683361647,0.27020571747094935,670.8871440414089,36.75196843259515,52.5125331159568,36.693041340965806,56.388529891912334,0.6507181763968739,3179.6663033710906,701
1,21,161,16.023749113082886,41745,30.344734733180484,15.636671133237677,0.7104089428972932,-14.947148955181705,0.24263309289464244,697.3856641387006,37.56538416077509,52.5125331159568,35.14164753007955,56.388529891912334,0.6232055986818665,3179.6663033710906,701
1,21,168,16.871169328689575,41745,28.804166118717472,16.343658621281552,0.7390669628083165,-15.576017262446362,0.2924167364693651,587.0676720346444,36.936515853510436,52.5125331159568,36.48090385366371,56.388529891912334,0.6469561083360692,3179.6663033710906,701
1,21,175,13.690770387649536,41745,29.98267918371701,17.452707456587675,0.7172781778765223,-16.134901880477,0.28959548179897904,638.6259923410771,36.3776312354798,52.5125331159568,36.68216774579269,56.388529891912334,0.6505253429395385,3179.6663033710906,701
1,21,182,17.567643404006958,41745,27.148865362415513,14.427332369985322,0.7681955211195807,-13.735617169154159,0.2559723103719895,548.3937114490025,38.77691594680264,52.5125331159568,37.86682176105112,56.388529891912334,0.6715341193259635,3179.6663033710906,701
1,21,189,11.538828134536743,41745,29.291809384460795,18.361439120996952,0.730157187845177,-15.14396457556147,0.267292499078475,628.6704339497248,37.36856854039533,52.5125331159568,40.042910817152254,56.388529891912334,0.7101251068951082,3179.6663033710906,701
1,21,196,17.214112520217896,41745,28.101776583056626,15.047521987854402,0.751637507908683,-13.761296618026071,0.23980109314700407,600.3365625147339,38.751236497930726,52.5125331159568,37.21208011672789,56.388529891912334,0.659922863533726,3179.6663033710906,701
1,21,203,16.840208768844604,41745,31.061552571962892,17.285920626183795,0.6965656279220528,-15.397122730906586,0.24571565323254077,727.7486597902142,37.11541038505021,52.5125331159568,34.821062200764196,56.388529891912334,0.6175203054151354,3179.6663033710906,701
1,21,210,15.059618949890137,41745,31.5854406218409,16.14607110323769,0.6862437865828447,-15.85961149237854,0.2521222703023403,746.1127825866516,36.65292162357826,52.5125331159568,34.219651409269495,56.388529891912334,0.606854824462759,3179.6663033710906,701
1,21,217,16.413635730743408,41745,31.729927775731344,18.126813331203255,0.683366674174039,-15.806665097960197,0.24816603191190492,756.9376551340546,36.7058680179966,52.5125331159568,34.70061443832648,56.388529891912334,0.6153842723837974,3179.6663033710906,701
1,21,224,16.476677656173706,41745,28.909868249664413,14.934175080283246,0.7371483663783027,-13.483763391577543,0.21753544030921937,653.9686070129077,39.02876972437925,52.5125331159568,36.666826919263784,56.388529891912334,0.6502532871409867,3179.6663033710906,701
1,21,231,10.809916257858276,41745,33.091346841845485,23.833336033380647,0.655612529325371,-16.60352397647946,0.2517512641789621,819.3602273697892,35.909009139477334,52.5125331159568,46.346932040168184,56.388529891912334,0.8219212689000358,3179.6663033710906,701
1,21,238,21.923738718032837,41745,29.425928963085404,15.414811216256808,0.7276804504854693,-14.095467445878066,0.22945556829171884,667.2030928227399,38.41706567007873,52.5125331159568,35.43395542303298,56.388529891912334,0.6283894169781359,3179.6663033710906,701
1,21,245,13.961629390716553,41745,29.918359044845662,16.328667612359553,0.7184898909085831,-13.450310170929859,0.20211058516747957,714.1973642420792,39.06222294502694,52.5125331159568,35.36447330655387,56.388529891912334,0.6271572139642908,3179.6663033710906,701
1,28,42,12.380498170852661,41745,37.43167701146937,25.217165639621697,0.5622809101632781,-24.03445102539743,0.41227769948961335,823.4756077987365,28.805812457517348,52.84026348291478,41.05320116155963,56.57721179837804,0.7256137207301641,3200.9808948785267,694
1,28,49,21.21067190170288,41745,31.355117598878845,16.684426392484173,0.6928618345668599,-16.05551594282286,0.2621993823940193,725.3638074492828,36.78474754009192,52.84026348291478,34.079245190826235,56.57721179837804,0.6023493224139975,3200.9808948785267,694
1,28,56,12.678897857666016,41745,32.678303147230565,19.899878645183104,0.6663924179332462,-18.9512288567306,0.33632237242929314,708.7224214021204,33.88903462618418,52.84026348291478,37.001371852128976,56.57721179837804,0.653997796568507,3200.9808948785267,694
1,28,63,16.090624809265137,41745,29.617930222400464,17.053427780813127,0.7259521941969378,-14.199131258896418,0.22983392644169584,675.6064621516134,38.641132224018364,52.84026348291478,38.82984981334338,56.57721179837804,0.6863160728337016,3200.9808948785267,694
1,28,70,15.694855690002441,41745,30.887301563834193,17.503201257254958,0.7019584217382722,-16.84813998834053,0.2975390610071486,670.1655768285149,35.992123494574244,52.84026348291478,35.371327926972555,56.57721179837804,0.6251868341095342,3200.9808948785267,694
1,28,77,17.154475688934326,41745,30.045393135328123,16.142532146433442,0.7179846808518113,-15.020440320901882,0.24992491103977005,677.1120212226472,37.819823162012895,52.84026348291478,34.647653635330144,56.57721179837804,0.6123959193818637,3200.9808948785267,694
1,28,84,17.190760135650635,41745,27.96946712484639,15.426621038759622,0.7556089470888423,-12.317769591432384,0.19395267235574673,630.5636435402469,40.52249389148239,52.84026348291478,37.26953572988535,56.57721179837804,0.6587375825924634,3200.9808948785267,694
1,28,91,18.13641095161438,41745,31.870325715318003,17.709640919892273,0.6826854971782002,-16.71609241003458,0.27510375780073043,736.2899157396442,36.124171072880195,52.84026348291478,34.05549488706948,56.57721179837804,0.6019295367264066,3200.9808948785267,694
1,28,98,17.21965217590332,41745,31.384451568297226,17.05910957698814,0.6922868856172373,-14.325925179890223,0.20836092147832677,779.7516679829815,38.51433830302456,52.84026348291478,33.021921382679764,56.57721179837804,0.5836611655653635,3200.9808948785267,694
1,28,105,20.446131467819214,41745,30.425476684760188,16.595710009790437,0.7108043871876919,-13.348005085336961,0.192467739014948,747.5403917367044,39.49225839757782,52.84026348291478,34.93143452089343,56.57721179837804,0.6174117354064247,3200.9808948785267,694
1,28,112,19.925692319869995,41745,30.740381343168266,16.980606541362697,0.7047870399241267,-14.771326600744578,0.23089817478732355,726.7789555775433,38.0689368821702,52.84026348291478,34.118163236999806,56.57721179837804,0.6030371973540398,3200.9808948785267,694
1,28,119,20.417004823684692,41745,31.047505489504353,16.046585894161016,0.6988586846416078,-14.368338618665234,0.21417051640282717,757.4984424601763,38.471924864249544,52.84026348291478,32.602830820500415,56.57721179837804,0.5762537563124501,3200.9808948785267,694
1,28,126,17.97571587562561,41745,32.53451995665782,17.19899078242913,0.6693216787067595,-15.554268041772085,0.22856532801090274,816.5597344948739,37.285995441142695,52.84026348291478,32.38244160440939,56.57721179837804,0.5723583855600627,3200.9808948785267,694
1,28,133,22.015137910842896,41745,29.13851571876379,14.715153975759623,0.7347522130947098,-13.244421770760137,0.20660039801341684,673.6383902508593,39.595841712154645,52.84026348291478,35.48341258202254,56.57721179837804,0.6271679259924184,3200.9808948785267,694
1,28,140,19.105371475219727,41745,32.913995796745034,18.13940159319457,0.6615627662628517,-16.790665083826692,0.2602403170484793,801.4046853509133,36.04959839908809,52.84026348291478,32.62547421746432,56.57721179837804,0.576653977465882,3200.9808948785267,694
1,28,147,15.587792873382568,41745,30.647873288444526,17.894427308339598,0.7065611548611894,-16.97502486958652,0.30677513197473627,651.1406677814705,35.86523861332826,52.84026348291478,35.358757745426495,56.57721179837804,0.6249646566436164,3200.9808948785267,694
1,28,154,17.099725008010864,41745,31.462916792985204,17.813011926233447,0.6907463163225545,-16.557055451954376,0.2769288760890383,715.7790478832183,36.2832080309604,52.84026348291478,34.4323152283832,56.57721179837804,0.608589821483043,3200.9808948785267,694
1,28,161,19.472620487213135,41745,32.17716188822376,17.618756342935384,0.6765461022158801,-15.083270962810555,0.2197331567365192,807.8646842433955,37.75699252010423,52.84026348291478,33.75540874139243,56.57721179837804,0.5966255258687055,3200.9808948785267,694
1,28,168,15.666603088378906,41745,31.591602261003523,17.121966103360993,0.6882114057555733,-15.320325958723883,0.23517584065174602,763.3169459358942,37.519937524190894,52.84026348291478,33.39518994216151,56.57721179837804,0.5902586727173941,3200.9808948785267,694
1,28,175,17.588164806365967,41745,28.69248880971414,16.748850907745457,0.7428104255752477,-15.133313449825854,0.27818365771633025,594.2417381248908,37.70695003308892,52.84026348291478,37.40830059353417,56.57721179837804,0.6611902461161332,3200.9808948785267,694
1,28,182,16.111928701400757,41745,31.002128926312,16.746025680955814,0.6997382897531649,-16.39468165580605,0.27965522650863084,692.3464113684478,36.44558182710873,52.84026348291478,34.92517207853054,56.57721179837804,0.6173010469832269,3200.9808948785267,694
1,28,189,12.893292903900146,41745,31.288882124882523,20.855670347757936,0.6941580794214817,-20.11592702590611,0.4133329319009005,574.3436245132131,32.72433645700867,52.84026348291478,39.131664123611046,56.57721179837804,0.6916506289327761,3200.9808948785267,694
1,28,196,12.512710332870483,41745,29.34662147696783,18.166846166377503,0.7309499117941122,-16.801750122053036,0.3277878277797568,578.9253849485202,36.03851336086174,52.84026348291478,38.58777745447985,56.57721179837804,0.6820374533830613,3200.9808948785267,694
1,28,203,16.489601612091064,41745,29.758661095607668,15.78165739413984,0.7233417070310756,-15.175616241080519,0.2600554120006165,655.2785819066867,37.66464724183426,52.84026348291478,35.606621831834815,56.57721179837804,0.6293456446515024,3200.9808948785267,694
1,28,210,23.12257742881775,41745,29.39594287227046,15.24241294160013,0.7300447938529228,-13.171458100133984,0.20076727294292737,690.6341488662032,39.668805382780796,52.84026348291478,35.042499137031584,56.57721179837804,0.6193747981415405,3200.9808948785267,694
1,28,217,17.6888587474823,41745,27.2879363245143,14.858716031365454,0.7673739727587456,-10.346099969044099,0.1437513576140705,637.5896842812925,42.49416351387068,52.84026348291478,38.04925808569423,56.57721179837804,0.6725191446564892,3200.9808948785267,694
1,28,224,18.740734815597534,41745,31.747014651317595,17.814635567087947,0.685136221561478,-15.168207995584346,0.22827732031750847,777.7984054736652,37.67205548733043,52.84026348291478,34.461129795106025,56.57721179837804,0.6090991178199764,3200.9808948785267,694
1,28,231,21.579381704330444,41745,29.482907929228638,16.49528803664404,0.728445158371881,-14.920188431192102,0.2560990595087756,646.6298371410942,37.92007505172268,52.84026348291478,35.560745310320684,56.57721179837804,0.6285347789326752,3200.9808948785267,694
1,28,238,12.35483980178833,41745,34.448685650402595,22.23349230507095,0.6292661587143624,-20.313470063799706,0.34771459784566267,774.074877007367,32.52679341911507,52.84026348291478,40.93293821994718,56.57721179837804,0.7234880779529799,3200.9808948785267,694
1,28,245,16.644391775131226,41745,29.937042492897877,15.98037760676843,0.7200150383104414,-13.349198223976208,0.19883488224695384,718.025419998564,39.49106525893857,52.84026348291478,36.05977511791974,56.57721179837804,0.637355111213761,3200.9808948785267,694
14,1,42,6.846442461013794,41745,30.543726474331915,17.802134813369523,0.7046620274470314,-14.897849653207842,0.23790475946975392,710.9733026492191,37.28959990288578,52.18744955609362,35.187470565424086,56.20337262288659,0.6260740045179315,3158.819094187038,708
14,1,49,9.096789121627808,41745,33.55245969310316,18.741989050147705,0.6436112617120157,-17.165917349629,0.26174916666663894,831.0988330030183,35.02153220646462,52.18744955609362,32.56280500127398,56.20337262288659,0.5793745727638784,3158.819094187038,708
14,1,56,6.282185316085815,41745,37.95823779302822,24.329416702539813,0.543871373006598,-20.547372079393476,0.2930221741817571,1018.633316983037,31.640077476700146,52.18744955609362,33.784415304347405,56.20337262288659,0.6011101065239285,3158.819094187038,708
14,1,63,7.905370235443115,41745,31.132103823301854,17.271762521109146,0.6931739806662516,-14.474384206980828,0.2161639423954142,759.7000902935499,37.713065349112796,52.18744955609362,34.55058410836766,56.20337262288659,0.614742185316799,3158.819094187038,708
14,1,70,9.718417882919312,41745,34.68639133289164,18.631215827781602,0.6191153377815879,-17.366451511924744,0.25067090973444894,901.552105582467,34.82099804416888,52.18744955609362,31.177634259346394,56.20337262288659,0.5547288855517994,3158.819094187038,708
14,1,77,10.814625024795532,41745,33.59368947708846,18.595120599377626,0.6427348515273278,-16.75613047525323,0.24878950720214688,847.768064179334,35.431319080840396,52.18744955609362,32.24516752536631,56.20337262288659,0.5737229995382118,3158.819094187038,708
14,1,84,6.763814926147461,41745,37.61298336488535,21.62864113006744,0.5521311998491505,-19.185920587932515,0.2601894728984936,1046.6369688006896,33.00152896816111,52.18744955609362,30.623387322958774,56.20337262288659,0.5448674322168455,3158.819094187038,708
14,1,91,8.892164945602417,41745,33.171558464799396,18.266732607905762,0.6516570724140205,-17.01268019057552,0.2630351112443071,810.921003716804,35.17476936551811,52.18744955609362,32.634023285566954,56.20337262288659,0.5806417259785233,3158.819094187038,708
14,1,98,8.066680669784546,41745,31.299250828138916,17.412461518423513,0.6898704632356041,-14.135829070337941,0.20397394011728542,779.8214388969436,38.051620485755684,52.18744955609362,33.993044927309946,56.20337262288659,0.6048221546311195,3158.819094187038,708
14,1,105,10.017167091369629,41745,30.517634845305356,17.250641022842675,0.7051663901027913,-14.362336495646169,0.22148710711233985,725.0493269372258,37.82511306044746,52.18744955609362,35.29940468701552,56.20337262288659,0.6280655953490101,3158.819094187038,708
14,1,112,6.882236003875732,41745,32.77340357075585,19.42029224408308,0.6599691373310301,-16.11998920190758,0.24192814824585576,814.2419297420157,36.067460354186046,52.18744955609362,34.60987924467708,56.20337262288659,0.6157971956043005,3158.819094187038,708
14,1,119,8.251695156097412,41745,32.983119138827696,19.042792992697933,0.6556035291390806,-16.861084842514714,0.2613289842472793,803.5899660596226,35.32636471357891,52.18744955609362,33.66296077857941,56.20337262288659,0.5989491236487027,3158.819094187038,708
14,1,126,8.648043632507324,41745,30.27378105999611,17.19590734813702,0.7098593517573843,-13.2834825039848,0.19252652165761938,740.0509122349089,38.903967052108825,52.18744955609362,34.393912371432975,56.20337262288659,0.6119545992766174,3158.819094187038,708
14,1,133,7.291842699050903,41745,32.328117137360955,18.68299176656401,0.6691462453262451,-17.228456519898916,0.2840088807030467,748.2874435888835,34.95899303619471,52.18744955609362,34.259952418079564,56.20337262288659,0.6095711132489683,3158.819094187038,708
14,1,140,6.780130386352539,41745,33.765308866660426,20.69703668222445,0.639075221192939,-19.92358254180068,0.3481716561150124,743.1469415610323,32.26386701429294,52.18744955609362,34.308345666174134,56.20337262288659,0.6104321514008827,3158.819094187038,708
14,1,147,5.849841833114624,41745,34.63637165874956,23.64884499487519,0.6202130587691087,-16.116170287613336,0.21650050464779133,939.9472969436791,36.07127926848029,52.18744955609362,44.787919410315666,56.20337262288659,0.7968902455522316,3158.819094187038,708
14,1,154,10.581840753555298,41745,33.63150322418977,18.796378742792225,0.6419301088814697,-17.417143212680955,0.2682015521877292,827.7211314276485,34.77030634341267,52.18744955609362,31.25976825069873,56.20337262288659,0.5561902567741892,3158.819094187038,708
14,1,161,9.720261573791504,41745,31.441150398805686,17.637843107989568,0.6870520568210211,-15.250853874901788,0.23528349556519898,755.9573944867118,36.93659568119184,52.18744955609362,33.43336665982937,56.20337262288659,0.594864064193453,3158.819094187038,708
14,1,168,6.874956369400024,41745,33.58901575227715,19.772192617714456,0.6428342536985061,-15.748278287483668,0.21982222788675818,880.2137101866931,36.43917126860996,52.18744955609362,34.61044357744467,56.20337262288659,0.615807236510055,3158.819094187038,708
14,1,175,8.23101544380188,41745,32.70592028845052,18.997780275360483,0.6613680017690997,-16.98425367366917,0.269674689655687,781.2123490629348,35.20319588242446,52.18744955609362,33.78096484484294,56.20337262288659,0.6010487141315606,3158.819094187038,708
14,1,182,8.166272401809692,41745,33.04840731648717,18.372326466996793,0.6542387539171395,-16.43364392816299,0.24726729412052648,822.1325733987946,35.75380562793064,52.18744955609362,32.11345796966016,56.20337262288659,0.5713795537704659,3158.819094187038,708
14,1,189,9.138485670089722,41745,33.50521812770189,18.50071325936656,0.6446141395527438,-16.36287219306459,0.2385031817584282,854.8560553783168,35.824577363029036,52.18744955609362,32.441498866008246,56.20337262288659,0.5772162301306049,3158.819094187038,708
14,1,196,6.652278184890747,41745,32.51968503786807,19.941595198654234,0.6652135233359069,-14.967429217747906,0.21183697427255632,833.5059775738473,37.22002033834572,52.18744955609362,37.17136616061329,56.20337262288659,0.6613725195821563,3158.819094187038,708
14,1,203,6.468166828155518,41745,34.04996491290294,20.481751435966242,0.6329640679000939,-18.567773676163927,0.2973625896238469,814.6378912806751,33.6196758799297,52.18744955609362,34.26087786102351,56.20337262288659,0.6095875792171256,3158.819094187038,708
14,1,210,7.40987491607666,41745,32.64371635324901,18.696775677136788,0.6626548765289055,-16.932364906206363,0.2690518902171991,778.9072360344485,35.25508464988726,52.18744955609362,33.04469911033607,56.20337262288659,0.5879486864971503,3158.819094187038,708
14,1,217,8.035891771316528,41745,32.5565007957217,18.11941418871945,0.6644550661314104,-16.09943795555344,0.24453779327167233,800.7338415771134,36.088011600540185,52.18744955609362,33.59111883887739,56.20337262288659,0.5976708740286298,3158.819094187038,708
14,1,224,10.19545841217041,41745,33.20908584809523,18.513795210480016,0.6508684574891779,-16.39714922084262,0.24379391194407654,833.9768802955789,35.790300335251004,52.18744955609362,31.757215402786617,56.20337262288659,0.5650410984385438,3158.819094187038,708
14,1,231,7.265742301940918,41745,33.01138164261496,19.067511820489177,0.6550130648634573,-16.19925925351042,0.2408035631973692,827.3353175919332,35.988190302583206,52.18744955609362,34.30288901124282,56.20337262288659,0.6103350637231035,3158.819094187038,708
14,1,238,8.225726127624512,41745,30.767000011759357,18.039792126127317,0.7003284260673301,-16.936407177984908,0.3030206804783566,659.7664016251017,35.251042378108714,52.18744955609362,36.33520155369222,56.20337262288659,0.6464950386072766,3158.819094187038,708
14,1,245,6.966290712356567,41745,34.0224235347991,19.462074673793985,0.633557583176774,-16.14931880928654,0.22530867989426448,896.7248051772757,36.038130746807084,52.18744955609362,33.47296388133418,56.20337262288659,0.5955685988086709,3158.819094187038,708
14,7,42,10.566094875335693,41745,31.356976154564528,18.246167848543948,0.6904782658788267,-16.019516649457753,0.2609939647736657,726.6350398756741,36.44568481574371,52.46520146520147,35.41220293213118,56.36228618581684,0.6282960704500734,3176.70730409192,702
14,7,49,10.869829654693604,41745,34.75734478806389,19.941975764011435,0.6197090568714869,-18.663664076111885,0.28833717161628775,859.7406599704026,33.80153738908958,52.46520146520147,31.678298213841177,56.36228618581684,0.5620477868730028,3176.70730409192,702
14,7,56,11.56554102897644,41745,32.16421469497518,18.654705438203425,0.6743367871469086,-17.498655648870976,0.2959807491240654,728.3337574266928,34.96654581633049,52.46520146520147,34.52103809059581,56.36228618581684,0.6124847025684131,3176.70730409192,702
14,7,63,14.305121898651123,41745,30.364010331069913,17.129810201379406,0.7097708302563079,-15.144705721843906,0.24877309932753233,692.6110119840689,37.320495743357554,52.46520146520147,35.25546048533089,56.36228618581684,0.6255150894536048,3176.70730409192,702
14,7,70,11.015381813049316,41745,31.96519810743775,18.76220054427176,0.6783544115847266,-16.327479564232654,0.26090565781435143,755.1873011273073,36.137721900968806,52.46520146520147,34.51623557407591,56.36228618581684,0.6123994945890194,3176.70730409192,702
14,7,77,10.488450288772583,41745,32.85657029635667,18.96305775506544,0.660165665798403,-16.02879398947185,0.2379891940459042,822.6319748824988,36.43640747572962,52.46520146520147,33.15813228574116,56.36228618581684,0.5883035364538701,3176.70730409192,702
14,7,84,10.531603336334229,41745,30.72824277942853,18.07507273298868,0.7027661619642311,-15.392549032547825,0.2509259866346685,707.2943385921125,37.07265243265364,52.46520146520147,36.67905104717195,56.36228618581684,0.6507729464033339,3176.70730409192,702
14,7,91,9.084621667861938,41745,30.394703344279204,17.73195807272504,0.7091837859293046,-13.185609093976787,0.1881934806753167,749.9777042075742,39.27959237122468,52.46520146520147,37.09523463575951,56.36228618581684,0.6581570256654041,3176.70730409192,702
14,7,98,10.728044986724854,41745,31.98131678232303,18.892556201928894,0.6780299457196384,-15.094238562255454,0.2227561673281882,794.9685853570171,37.37096290294601,52.46520146520147,34.52336791240557,56.36228618581684,0.612526039106858,3176.70730409192,702
14,7,105,12.02488899230957,41745,32.127928410282635,17.934151522114746,0.6750711711442022,-14.414850958440669,0.20130514089153137,824.4158557821883,38.05035050676079,52.46520146520147,33.68262919242374,56.36228618581684,0.5976093496523164,3176.70730409192,702
14,7,112,9.644691944122314,41745,31.287403445788325,18.440686847846298,0.6918502333788816,-15.93007645041272,0.25923681398446086,725.1342786635335,36.53512501478875,52.46520146520147,35.228756500790816,56.36228618581684,0.6250412977331617,3176.70730409192,702
14,7,119,12.302117824554443,41745,30.72574606034404,18.892360382852488,0.7028144614555178,-16.407713904728187,0.28516175295955254,674.8583953853366,36.05748756047328,52.46520146520147,37.18335973819977,56.36228618581684,0.6597205730018221,3176.70730409192,702
14,7,126,9.233291864395142,41745,32.7231175640919,20.3360468751069,0.6629206531763004,-16.94756405759795,0.2682286865314408,783.5824956269936,35.51763740760351,52.46520146520147,37.15230127829696,56.36228618581684,0.659169522609714,3176.70730409192,702
14,7,133,12.292707443237305,41745,31.286952583424647,19.587244875668436,0.6918591144054806,-16.368167522398615,0.2736992419096779,710.9564939161573,36.09703394280285,52.46520146520147,38.26535702384826,56.36228618581684,0.6789177589016511,3176.70730409192,702
14,7,140,13.91994047164917,41745,32.71332368341983,19.10080518189319,0.6631223956208617,-16.997974052267146,0.2699883235845394,781.2304245346494,35.467227412934314,52.46520146520147,33.78314521875114,56.36228618581684,0.5993927412272432,3176.70730409192,702
14,7,147,11.461983919143677,41745,31.666283181191634,18.666056899627538,0.6843418689472044,-16.885942944652623,0.2843521082979629,717.6184213813565,35.57925852054884,52.46520146520147,34.36870287084346,56.36228618581684,0.6097819161830255,3176.70730409192,702
14,7,154,10.027813911437988,41745,32.44149488027561,18.115273870536843,0.6686976515868219,-15.719182569465357,0.2347784332910729,805.3578894147654,36.74601889573611,52.46520146520147,33.311465544357226,56.36228618581684,0.5910240304045689,3176.70730409192,702
14,7,161,10.808913946151733,41745,31.41783170423749,17.589914747937986,0.6892757013766011,-15.56291133119267,0.2453744099189641,744.8759398932253,36.902290134008794,52.46520146520147,35.73868922208257,56.36228618581684,0.6340887079040444,3176.70730409192,702
14,7,168,7.789871454238892,41745,31.97357145901393,21.626427045267867,0.6781858780228721,-18.609550753922203,0.33875793637077145,675.9938925818641,33.85565071127927,52.46520146520147,42.71663603747042,56.36228618581684,0.7578939558385009,3176.70730409192,702
14,7,175,11.971411943435669,41745,30.945034953705235,18.033679479159233,0.6985573121412352,-16.64199483365512,0.28922032548964255,680.6391962426351,35.82320663154635,52.46520146520147,35.38256252898851,56.36228618581684,0.6277701797322102,3176.70730409192,702
14,7,182,12.383777618408203,41745,30.889602946256502,17.59949335607514,0.6996362966936507,-14.132693367175177,0.20932698621633844,754.434548366781,38.33250809802629,52.46520146520147,35.03219197211727,56.36228618581684,0.621553779004317,3176.70730409192,702
14,7,189,8.5638427734375,41745,32.59813488969588,19.74456431965867,0.6654906176222084,-18.027546094598588,0.3058353798590674,737.6459800939308,34.437655370602876,52.46520146520147,35.90835347747806,56.36228618581684,0.6370989522868953,3176.70730409192,702
14,7,196,10.710173606872559,41745,31.322856416996295,17.85034231577746,0.6911514847918212,-14.122005433487027,0.20326847508861984,781.6902966563285,38.343196031714434,52.46520146520147,33.68928919256977,56.36228618581684,0.5977275137758239,3176.70730409192,702
14,7,203,10.376098155975342,41745,33.202105376116265,19.24641269941518,0.6529803674431218,-15.893324791329828,0.22913860776509462,849.7820284840295,36.571876673871635,52.46520146520147,33.93938015157464,56.36228618581684,0.602164717727778,3176.70730409192,702
14,7,210,9.305836200714111,41745,30.55839964855107,18.131107215528136,0.7060428614629629,-13.390208110898598,0.19200539908380737,754.5181158273914,39.07499335430287,52.46520146520147,36.42361373938066,56.36228618581684,0.6462408856038633,3176.70730409192,702
14,7,217,10.08842134475708,41745,32.43518005479994,20.13824705067547,0.6688266168456385,-16.926570558655925,0.2723361700714015,765.5321143101344,35.538630906545535,52.46520146520147,36.07123285800884,56.36228618581684,0.6399888169739627,3176.70730409192,702
14,7,224,8.937856674194336,41745,32.7871757603862,19.840289064855487,0.6615996403075131,-18.407751096561885,0.31520525482980755,736.1535939094813,34.05745036863958,52.46520146520147,35.2150214055559,56.36228618581684,0.6247976047220296,3176.70730409192,702
14,7,231,10.680333375930786,41745,31.85799353407142,18.46195374085353,0.6805082574936627,-16.318104559927875,0.26236299721589107,748.6512155881975,36.14709690527359,52.46520146520147,35.033056067119674,56.36228618581684,0.6215691100893541,3176.70730409192,702
14,7,238,9.840906620025635,41745,32.276174986434604,18.826378502154864,0.6720656415486987,-15.75639541880794,0.23831403489702144,793.4874751611148,36.70880604639352,52.46520146520147,33.67498372507585,56.36228618581684,0.5974737010144544,3176.70730409192,702
14,7,245,9.36418890953064,41745,34.96530215846223,20.251291663418904,0.6151447905012315,-17.695260236411983,0.25611754882679555,909.4501201982208,34.769941228789484,52.46520146520147,32.114589327209266,56.36228618581684,0.5697886210884516,3176.70730409192,702
14,14,42,11.800761938095093,41745,33.19853198262327,19.846206171245516,0.6553555000527128,-15.517154832391062,0.2184672929822285,861.3604317088633,37.276062022696294,52.79321685508735,33.39018365344839,56.5500774207608,0.5904533676410159,3197.9112562940404,695
14,14,49,10.882744312286377,41745,32.86805763990055,18.859173437159697,0.6621828667404106,-14.268328054884842,0.1884508463208652,876.7240275380108,38.52488880020251,52.79321685508735,33.858331070204365,56.5500774207608,0.5987318252154012,3197.9112562940404,695
14,14,56,10.57280945777893,41745,38.377486982060965,24.305938142531947,0.5394395313004785,-22.542325833657294,0.34502008651738636,964.6750530674859,30.250891021430064,52.79321685508735,31.243431448769726,56.5500774207608,0.5524914000789601,3197.9112562940404,695
14,14,63,15.689709186553955,41745,31.024102430292785,18.13649127975887,0.6990238770037964,-16.85416431995482,0.2951317930061859,678.4320766812607,35.93905253513254,52.79321685508735,34.93105680414289,56.5500774207608,0.6177013082446978,3197.9112562940404,695
14,14,70,9.612474203109741,41745,34.08591595979097,20.776552510503507,0.6366848315345799,-19.281432173623944,0.3199842779008339,790.0760401518719,33.51178468146341,52.79321685508735,35.46126243247332,56.5500774207608,0.6270771685885383,3197.9112562940404,695
14,14,77,14.282341003417969,41745,32.945910587700325,18.508825544316135,0.66058062983567,-15.908631683792631,0.23316460467763214,832.3484624021734,36.884585171294724,52.79321685508735,32.448623627082554,56.5500774207608,0.5738033457611136,3197.9112562940404,695
14,14,84,11.105667114257812,41745,32.82315359254904,19.06416496658374,0.6631052817242391,-17.26907728809982,0.27680737470438577,779.1383813777002,35.524139566987536,52.79321685508735,33.20839968970515,56.5500774207608,0.5872388015071683,3197.9112562940404,695
14,14,91,12.888558387756348,41745,31.0430957093026,18.197200260868055,0.6986552427556438,-15.681173808479112,0.2551685168289274,717.7745792051901,37.11204304660824,52.79321685508735,34.433678400769914,56.5500774207608,0.6089059462211901,3197.9112562940404,695
14,14,98,19.06948733329773,41745,30.306935073295147,17.263083659561172,0.7127780479432815,-14.185911624061605,0.21909398908191527,717.270224931241,38.60730523102575,52.79321685508735,35.11727433856708,56.5500774207608,0.6209942751674242,3197.9112562940404,695
14,14,105,12.906330585479736,41745,29.839851956539835,17.325874527997865,0.721563016160714,-14.127554856468935,0.22415099772971026,690.8289585656754,38.66566199861842,52.79321685508735,35.74989899261423,56.5500774207608,0.6321812563865675,3197.9112562940404,695
14,14,112,18.048680782318115,41745,31.3999130372869,18.714352528825938,0.6916879613814637,-17.97190344507623,0.32759047273001,662.965225310037,34.82131341001113,52.79321685508735,36.340890090513184,56.5500774207608,0.6426320130407396,3197.9112562940404,695
14,14,119,10.69284200668335,41745,33.60687259150051,19.309058180399322,0.6468251321363432,-16.046961627957263,0.2279971557326308,871.9169078922156,36.74625522713009,52.79321685508735,33.052823893196624,56.5500774207608,0.584487685971977,3197.9112562940404,695
14,14,126,14.578219413757324,41745,32.56387235808754,18.62090260617412,0.6684067511671075,-16.95016711858414,0.270941718695289,773.097617605887,35.84304973650322,52.79321685508735,32.440224196711064,56.5500774207608,0.5736548149234103,3197.9112562940404,695
14,14,133,14.45630407333374,41745,31.94051291164011,18.38943297973272,0.6809804014884008,-17.100727079436567,0.2866456661297394,727.7614984132737,35.69248977565079,52.79321685508735,33.670301478981564,56.5500774207608,0.5954068148918297,3197.9112562940404,695
14,14,140,14.214786767959595,41745,28.865330287275384,17.066267568650986,0.7394526533675373,-15.729525116560756,0.29694646529363145,585.7893322009819,37.0636917385266,52.79321685508735,37.71549239215038,56.5500774207608,0.6669397127704758,3197.9112562940404,695
14,14,147,12.209629774093628,41745,32.85168038038634,18.50461636011059,0.66251943305464,-13.773861924374335,0.1757908525963916,889.513631503332,39.01935493071302,52.79321685508735,31.67507881595806,56.5500774207608,0.5601244111529621,3197.9112562940404,695
14,14,154,14.298495054244995,41745,33.89917677598762,19.781750066429836,0.6406547605635007,-16.196309041829906,0.2282726110680457,886.8337595111972,36.59690781325745,52.79321685508735,32.572414569775745,56.5500774207608,0.5759923956853449,3197.9112562940404,695
14,14,161,12.859099864959717,41745,32.12571205734944,19.613378204569173,0.6772701640295826,-16.803869795823758,0.27359810850642663,749.691335076729,35.9893470592636,52.79321685508735,36.00026939296283,56.5500774207608,0.6366086667769322,3197.9112562940404,695
14,14,168,15.126945972442627,41745,31.652955122096273,18.45599658374061,0.6866987581379846,-15.943587997687436,0.25371351504029743,747.7115697214377,36.84962885739992,52.79321685508735,34.257739007460934,56.5500774207608,0.6057947322081676,3197.9112562940404,695
14,14,175,12.316190004348755,41745,34.75745501691456,20.245791364720766,0.6222282038392628,-19.832076620050962,0.32556705013014775,814.7694161892673,32.961140235036396,52.79321685508735,32.084965823747076,56.5500774207608,0.5673726241790779,3197.9112562940404,695
14,14,182,13.168176412582397,41745,30.43065714132865,17.97803922576748,0.7104282077151078,-16.553942130305412,0.29592401004911645,651.9918939995957,36.23927472478194,52.79321685508735,35.52888741312543,56.5500774207608,0.6282730109947114,3197.9112562940404,695
14,14,189,12.165292739868164,41745,30.59688610673194,17.793039738752125,0.707255966660806,-16.157231138274454,0.27885562918507584,675.1133213727006,36.635985716812904,52.79321685508735,35.53425307452639,56.5500774207608,0.6283678943555429,3197.9112562940404,695
14,14,196,13.206793785095215,41745,32.223386605697044,18.829943988159037,0.6753047345211438,-16.4510746419246,0.26064306977766827,767.708787466041,36.34214221316276,52.79321685508735,34.912206901916036,56.5500774207608,0.6173679770966853,3197.9112562940404,695
14,14,203,17.7985360622406,41745,34.88282569312378,20.417595994827803,0.6194980314284952,-17.980104187605683,0.26568136401454195,893.5273817397009,34.813112667481676,52.79321685508735,32.14062302578615,56.5500774207608,0.5683568350692763,3197.9112562940404,695
14,14,210,13.523298025131226,41745,31.283953639319574,17.80672711360614,0.6939609398538267,-16.538268713495345,0.2794710463053122,705.1714232673174,36.25494814159201,52.79321685508735,35.30940478593927,56.5500774207608,0.6243918027418367,3197.9112562940404,695
14,14,217,11.797390937805176,41745,31.55729883598948,18.402263388016245,0.6885895104612697,-13.913458417326916,0.19438848896100655,802.278784693258,38.879758437760444,52.79321685508735,35.97980378990757,56.5500774207608,0.636246764477436,3197.9112562940404,695
14,14,224,13.066550254821777,41745,31.62933924918902,19.570379474633523,0.687166083995827,-18.13635504942881,0.3287908929386083,671.4877268613471,34.656861805658544,52.79321685508735,35.90289568459239,56.5500774207608,0.6348867644770302,3197.9112562940404,695
14,14,231,16.269322633743286,41745,33.159631296386365,19.250415462090082,0.656162707596041,-17.038050131685075,0.26401001244341277,809.2659954224722,35.75516672340228,52.79321685508735,33.28549137902903,56.5500774207608,0.5886020479046981,3197.9112562940404,695
14,14,238,11.44827914237976,41745,34.25153024076929,19.752381552821685,0.633145753646122,-17.9057412658909,0.27329057310694693,852.5517535533054,34.88747558919646,52.79321685508735,32.514875231042836,56.5500774207608,0.5749749021405566,3197.9112562940404,695
14,14,245,11.822563886642456,41745,32.44049859460495,19.142844825952416,0.6709145862020753,-15.718755543170703,0.23478009759167875,805.3066732406056,37.07446131191665,52.79321685508735,34.87374845061364,56.5500774207608,0.6166878993133033,3197.9112562940404,695
14,21,42,13.97149920463562,41745,32.225689315537934,18.96168370554812,0.6774487213418277,-16.706119162646242,0.268748914090866,759.4006343850394,36.41721970778565,53.123338870431894,34.87623645083989,56.741763836860144,0.6146484369275785,3219.62776331801,688
14,21,49,11.957016229629517,41745,35.38669101702896,22.07545672702074,0.6110674919003072,-20.352382907869785,0.33078866677533647,837.9984111061277,32.77095596256211,53.123338870431894,34.59842393122434,56.741763836860144,0.6097523515606468,3219.62776331801,688
14,21,56,17.143219470977783,41745,30.91907334379907,18.488343499229597,0.7030746512590558,-16.305724574283904,0.278116826732352,690.1124425468204,36.81761429614799,53.123338870431894,36.850680304488456,56.741763836860144,0.6494454492186548,3219.62776331801,688
14,21,63,14.303436279296875,41745,33.10226779862675,20.559908985472795,0.6596624784093803,-19.48672752540274,0.3465471484775316,716.0275837627128,33.63661134502915,53.123338870431894,34.706076002506585,56.741763836860144,0.6116495797044837,3219.62776331801,688
14,21,70,11.412269353866577,41745,31.034736176172327,19.94384695204192,0.7008490048141363,-16.747839896146253,0.2912201930202486,682.6647083376714,36.37549897428564,53.123338870431894,39.65830063676042,56.741763836860144,0.698926116410183,3219.62776331801,688
14,21,77,11.099355697631836,41745,30.295472282360333,19.920189228568663,0.714931132328974,-18.71653923323375,0.3816766955066684,567.5067999420852,34.40679963719815,53.123338870431894,40.91760048213524,56.741763836860144,0.7211196430160084,3219.62776331801,688
14,21,84,14.769569635391235,41745,33.153003347999295,18.99943652736067,0.6586184143660927,-14.506667480683356,0.19146507125430337,888.6782295973362,38.61667138974854,53.123338870431894,34.517069103401816,56.741763836860144,0.6083185782282486,3219.62776331801,688
14,21,91,13.495784044265747,41745,33.07574633680486,18.91555675101835,0.6602076152402084,-16.454502256011647,0.24748574782401198,823.2543512435676,36.66883661442025,53.123338870431894,33.882363730220135,56.741763836860144,0.5971327191667196,3219.62776331801,688
14,21,98,17.314916133880615,41745,35.72308896515584,20.736111272237824,0.6036376938502652,-19.08570780213984,0.2854424306328824,911.8748429037773,34.03763106829205,53.123338870431894,31.923126516591687,56.741763836860144,0.5626037041847126,3219.62776331801,688
14,21,105,14.457147359848022,41745,34.21898217524386,19.982173323458017,0.6363123854097538,-16.986192567824723,0.24640976322791538,882.4080031584328,36.13714630260717,53.123338870431894,32.354065635302476,56.741763836860144,0.5701984472728865,3219.62776331801,688
14,21,112,19.017563819885254,41745,34.24655730463268,19.508757028270796,0.6357259989549768,-16.144716077666743,0.222242433659502,912.1748299910191,36.97862279276515,53.123338870431894,33.6233906943083,56.741763836860144,0.5925686552673947,3219.62776331801,688
14,21,119,13.951332569122314,41745,31.78255070311177,19.82048101601596,0.6862585977470659,-15.121582246719678,0.22636901176161633,781.4682795515627,38.00175662371222,53.123338870431894,36.511528636061804,56.741763836860144,0.6434683409038382,3219.62776331801,688
14,21,126,15.44466257095337,41745,33.58922733982174,19.799072115870807,0.6495755794690015,-19.094841644761967,0.3231707860536923,763.6232158476924,34.02849722566993,53.123338870431894,33.16586742925249,56.741763836860144,0.5845054010765091,3219.62776331801,688
14,21,133,18.256349563598633,41745,32.6810065067198,19.07839213272068,0.6682696681707151,-17.615325033219154,0.29052965962440835,757.7485102663045,35.50801383721274,53.123338870431894,33.51971584474167,56.741763836860144,0.5907415204982903,3219.62776331801,688
14,21,140,12.517072200775146,41745,33.75361742570491,20.115311238976613,0.6461371397335915,-17.8661370732113,0.28016938451318335,820.1078354020751,35.257201797220596,53.123338870431894,34.86852664061988,56.741763836860144,0.6145125615211994,3219.62776331801,688
14,21,147,17.792890548706055,41745,32.06125352116163,19.054920157225823,0.680732043294078,-17.63763320990575,0.30263532333363685,716.8378721010289,35.48570566052614,53.123338870431894,34.80201723176534,56.741763836860144,0.6133404194452892,3219.62776331801,688
14,21,154,17.45165729522705,41745,30.841341480714853,18.406009112531162,0.7045657404352207,-16.003257930526306,0.2692466386048196,695.0840799391099,37.12008093990559,53.123338870431894,35.997148573400494,56.741763836860144,0.634403059391966,3219.62776331801,688
14,21,161,15.36343789100647,41745,33.561560519688,19.48960021558988,0.650152617843038,-14.436254105843183,0.1850225846608399,917.9729119082061,38.68708476458871,53.123338870431894,32.44996589701854,56.741763836860144,0.5718885650138821,3219.62776331801,688
14,21,168,15.886152982711792,41745,33.62903832900705,20.214160446560268,0.6487444195199895,-16.553870693443226,0.2423093767556802,856.8815839985865,36.56946817698867,53.123338870431894,33.21728053558859,56.741763836860144,0.5854114903987218,3219.62776331801,688
14,21,175,15.780912637710571,41745,31.843321486148856,18.390182334719306,0.685057653302987,-16.701903101217706,0.2751029177507092,735.0435560677636,36.421435769214185,53.123338870431894,33.82535905154051,56.741763836860144,0.5961280856335865,3219.62776331801,688
14,21,182,19.44016170501709,41745,33.79841578669117,20.03257906332959,0.6451972110860369,-17.795041013150122,0.2772077053663927,825.6694250303601,35.328297857281775,53.123338870431894,33.42780689532309,56.741763836860144,0.589121744460259,3219.62776331801,688
14,21,189,14.804122924804688,41745,32.82952537557777,19.008995898835288,0.6652477194211441,-16.819845877315515,0.2624912408057051,794.8705210490572,36.30349299311638,53.123338870431894,33.6955740968621,56.741763836860144,0.5938407941237288,3219.62776331801,688
14,21,196,14.153579950332642,41745,32.69146093752665,18.887979227938132,0.6680573976885944,-16.537598680519185,0.25590350790865757,795.2394481119209,36.585740189912705,53.123338870431894,35.651210042319754,56.741763836860144,0.6283063414246614,3219.62776331801,688
14,21,203,16.265182971954346,41745,33.252832136660786,19.06181100540581,0.6565594141947014,-18.05230674380282,0.29471899588757894,779.865066336592,35.07103212662908,53.123338870431894,33.93846673367802,56.741763836860144,0.5981214618434398,3219.62776331801,688
14,21,210,17.89029288291931,41745,33.94141183039539,19.89438945171346,0.6421886249815159,-17.879685724271692,0.27749806237642954,832.3362754417786,35.243653146160206,53.123338870431894,34.05780193724835,56.741763836860144,0.6002245900421584,3219.62776331801,688
14,21,217,15.069329977035522,41745,30.351122022169967,18.13058474301005,0.7138828846924492,-16.13780739425722,0.28270894778035793,660.7617805105076,36.98553147617468,53.123338870431894,36.54087498745263,56.741763836860144,0.6439855322882161,3219.62776331801,688
14,21,224,14.492009401321411,41745,34.25731107422702,20.16329646353112,0.6354971915054759,-19.2045427854374,0.3142688972138087,804.7488984386616,33.91879608499449,53.123338870431894,33.458584442632485,56.741763836860144,0.5896641588166031,3219.62776331801,688
14,21,231,18.38879919052124,41745,31.886123654068808,18.126771777249456,0.6842104254204923,-15.95347110899877,0.25032655835516426,762.211641256908,37.169867761433125,53.123338870431894,33.773921854052716,56.741763836860144,0.5952215717360686,3219.62776331801,688
14,21,238,15.478527545928955,41745,31.381104573823865,18.139955327954404,0.6941342923262646,-15.615681339736001,0.24761983153453057,740.92422056909,37.507657530695894,53.123338870431894,33.06495164071615,56.741763836860144,0.5827268911798748,3219.62776331801,688
14,21,245,15.309580564498901,41745,34.97121960045917,21.065966084104442,0.6201467094186122,-19.522307024000096,0.31163104819356574,841.8657288042162,33.6010318464318,53.123338870431894,31.64065762334961,56.741763836860144,0.5576255562714011,3219.62776331801,688
14,28,42,19.79112458229065,41745,32.71348887042148,19.104118633150232,0.6699000232496081,-17.45695769474245,0.28476288963694935,765.4269821191624,35.997206349729964,53.45416404447242,32.82402739963476,56.93825025824676,0.5764846522462398,3241.964342470737,681
14,28,49,18.239872694015503,41745,33.609823788610996,20.08783876043159,0.6515630229786595,-18.908325921271317,0.3164999808833119,772.0954659564608,34.5458381232011,53.45416404447242,33.168385721274,56.93825025824676,0.5825325782024711,3241.964342470737,681
14,28,56,12.883499145507812,41745,39.564777173132136,27.01071708603407,0.5171533590753158,-25.375180875781695,0.4113399064202413,921.4717882809605,28.07898316869072,53.45416404447242,36.19807949371133,56.93825025824676,0.6357427446318218,3241.964342470737,681
14,28,63,19.89537262916565,41745,34.16757270552502,20.86060960747447,0.6399025710142043,-16.28346091170018,0.2271251240368447,902.2719253244705,37.17070313277224,53.45416404447242,31.705273426576834,56.93825025824676,0.5568361037224663,3241.964342470737,681
14,28,70,26.01521062850952,41745,33.50381543865778,19.05979595530426,0.6537575585756845,-18.14157831111193,0.2931984029895583,793.3887853294367,35.31258573336048,53.45416404447242,32.34838942483648,56.93825025824676,0.5681310767035951,3241.964342470737,681
14,28,77,17.205616235733032,41745,33.898120351359246,20.274390910415498,0.6455597773541495,-18.5388561748273,0.29909877604215424,805.3933750843038,34.91530786964512,53.45416404447242,32.2613845689293,56.93825025824676,0.5666030203352914,3241.964342470737,681
14,28,84,17.86668062210083,41745,32.14158403164091,19.042816145917218,0.6813409047936316,-17.60153100155224,0.2998930058969883,723.2675304644297,35.852633042920175,53.45416404447242,36.03015088994343,56.93825025824676,0.632793433702767,3241.964342470737,681
14,28,91,17.39128303527832,41745,33.882600952467875,20.46062995296168,0.6458842460835796,-15.031267610090396,0.19680572683029507,922.0916413380243,38.42289643438202,53.45416404447242,34.805080015492464,56.93825025824676,0.6112776535568267,3241.964342470737,681
14,28,98,15.729538440704346,41745,31.880028913278533,19.319524479720084,0.6865060388860063,-16.567878564486392,0.2700824671756069,741.8416433839077,36.88628547998602,53.45416404447242,34.64579420171543,56.93825025824676,0.6084801349633578,3241.964342470737,681
14,28,105,19.36954164505005,41745,33.91389751258621,19.344956015150125,0.6452297672041459,-17.4307176277576,0.2641649100282822,846.3225274755821,36.02344641671482,53.45416404447242,33.50738610509299,56.93825025824676,0.5884864033074125,3241.964342470737,681
14,28,112,13.381197214126587,41745,37.4806661586022,22.98381361662279,0.5666823606634815,-19.901927257099317,0.2819523162710493,1008.713627145715,33.5522367873731,53.45416404447242,30.470501445445493,56.93825025824676,0.5351499441455393,3241.964342470737,681
14,28,119,18.85504460334778,41745,32.47577385481619,19.59144472398172,0.6746799853247668,-18.60521528096676,0.3282089215879984,708.5218518180437,34.84894876350565,53.45416404447242,34.08547055282166,56.93825025824676,0.5986392345782495,3241.964342470737,681
14,28,126,19.510014533996582,41745,31.689221492638435,18.132786853973137,0.6902474386734987,-15.494811468912618,0.2390834161898844,764.1175763523515,37.9593525755598,53.45416404447242,34.42446419513608,56.93825025824676,0.6045929412829146,3241.964342470737,681
14,28,133,15.946075201034546,41745,32.46145633776492,18.72927585442361,0.6749667682138827,-17.183780326217082,0.28022148121823326,758.4638412689329,36.27038371825533,53.45416404447242,34.76986422665171,56.93825025824676,0.6106591626709806,3241.964342470737,681
14,28,140,17.077322959899902,41745,34.23235840706036,19.660720145799893,0.6385357029508989,-17.517724486899773,0.26186758450643566,864.983690910508,35.93643955757264,53.45416404447242,32.242634488524104,56.93825025824676,0.5662737148100925,3241.964342470737,681
14,28,147,22.328821182250977,41745,32.548353763180735,19.85744474137732,0.6732242490101589,-15.910966702519861,0.2389654301809347,806.2364712844659,37.543197341952556,53.45416404447242,32.8024671969738,56.93825025824676,0.5761059928641343,3241.964342470737,681
14,28,154,15.726014852523804,41745,30.954926915784235,18.06085781398899,0.7044361383594729,-16.054003626439517,0.2689720465979322,700.4764679238098,37.4001604180329,53.45416404447242,35.82777496204027,56.93825025824676,0.6292391283459065,3241.964342470737,681
14,28,161,17.936251878738403,41745,33.08852281106927,18.937430153609274,0.6622879753870909,-15.809614167014383,0.2282904709100982,844.9064417087892,37.64454987745803,53.45416404447242,31.99347732361903,56.93825025824676,0.5618977959194521,3241.964342470737,681
14,28,168,21.190711498260498,41745,32.23103752095264,18.539721586180605,0.6795647114103218,-15.967549486682428,0.24543018239916867,783.8771430674044,37.486614557789984,53.45416404447242,33.50456118767513,56.93825025824676,0.5884367896047602,3241.964342470737,681
14,28,175,17.07448697090149,41745,33.72086934624292,20.950239617368926,0.6492567747985187,-17.325276474970703,0.26397501458167927,836.9318245322122,36.128887569501714,53.45416404447242,33.366503614923396,56.93825025824676,0.5860121001890235,3241.964342470737,681
14,28,182,17.52193856239319,41745,35.2242912596624,21.287639250514243,0.6172842870319976,-14.301298264214799,0.16484144067634837,1036.2235627034963,39.15286578025762,53.45416404447242,32.61421013102234,56.93825025824676,0.5727996554705964,3241.964342470737,681
14,28,189,14.977112531661987,41745,31.506659348923023,18.52099290623314,0.6938061377403818,-16.43017100047485,0.2719439818026073,722.7190642242341,37.023993043997564,53.45416404447242,34.5443109366719,56.93825025824676,0.6066977959455051,3241.964342470737,681
14,28,196,19.55588722229004,41745,32.98728394846623,18.74941549087086,0.6643513662252565,-16.298983438274558,0.24413380462433182,822.5040411755891,37.15518060619785,53.45416404447242,32.71137159500747,56.93825025824676,0.5745060911890185,3241.964342470737,681
14,28,203,18.903334140777588,41745,32.72541015774193,20.190902246102514,0.6696593926211247,-19.77103948910731,0.3649965926896833,680.0584675125983,33.683124555365104,53.45416404447242,34.99518954636419,56.93825025824676,0.6146165255806327,3241.964342470737,681
14,28,210,15.901611089706421,41745,35.21235700251847,21.906508300910588,0.6175435770746749,-18.33512288789617,0.2711299272413246,903.7333543585578,35.119041156576245,53.45416404447242,33.65219908535012,56.93825025824676,0.5910297371752486,3241.964342470737,681
14,28,217,17.898338794708252,41745,31.51984529038904,19.351006920992365,0.6935497919841702,-18.661245616547138,0.35052024270650634,645.2585591689603,34.79291842792528,53.45416404447242,33.809113752190775,56.93825025824676,0.5937856115853151,3241.964342470737,681
14,28,224,20.479604959487915,41745,32.870511019040144,19.64625426203494,0.6667235106511378,-17.12288662272978,0.27135701321400996,787.2772483579811,36.331277421742634,53.45416404447242,32.38528641675327,56.93825025824676,0.5687790943674579,3241.964342470737,681
14,28,231,24.398061275482178,41745,34.087159838591795,20.209881935325686,0.6415955442075645,-18.965994100238582,0.309577642094918,802.2255336514206,34.48816994423383,53.45416404447242,31.75475652277077,56.93825025824676,0.557705169701303,3241.964342470737,681
14,28,238,16.90116310119629,41745,35.63856952331819,20.51292727777286,0.6082289922101916,-19.66357238337207,0.30442780391898233,883.4515587922715,33.79059166110034,53.45416404447242,31.152492610734487,56.93825025824676,0.5471276772545791,3241.964342470737,681
14,28,245,13.366401433944702,41745,29.214899009529287,19.005195746248702,0.736730502258848,-15.298703908606138,0.2742208672400707,619.4599828537945,38.15546013586628,53.45416404447242,40.945818020204435,56.93825025824676,0.7191267352700914,3241.964342470737,681
