horizon,model,seed,train_s,latency_ms,params,size_kb,rmse,r2
1,Standalone LSTM,42,26.140355348587036,0.319186136427118,34033,132.94140625,31.231821464815802,0.6952725729882416
1,Standalone LSTM,49,20.523536920547485,0.32342751362825334,34033,132.94140625,31.038870821567354,0.6990261630678976
1,Standalone LSTM,56,21.337778568267822,0.33075287293975564,34033,132.94140625,31.399051002762477,0.6920005347574895
1,Standalone LSTM,63,26.170955419540405,0.3334768223831221,34033,132.94140625,32.44961967397724,0.671045266571099
1,Standalone LSTM,70,30.401381015777588,0.420932467457884,34033,132.94140625,28.168417523372042,0.7521198120736912
1,Standalone LSTM,77,39.25686812400818,0.3748166801606544,34033,132.94140625,28.894579669276222,0.7391747212237473
1,Standalone LSTM,84,26.981523990631104,0.961533540951072,34033,132.94140625,31.65009358115901,0.6870557942726687
1,Standalone LSTM,91,44.53919219970703,0.3938252369333756,34033,132.94140625,30.816201029394204,0.7033289866229977
1,Standalone LSTM,98,51.64180779457092,0.80857943389189,34033,132.94140625,29.31847182853007,0.7314658167014987
1,Standalone LSTM,105,47.36228895187378,0.8066631531509267,34033,132.94140625,30.723689159455454,0.7051075571625172
1,Standalone LSTM,112,38.23214316368103,0.6408334121923969,34033,132.94140625,29.725401925949527,0.7239597646230952
1,Standalone LSTM,119,19.807183265686035,0.27652844915472463,34033,132.94140625,30.972274431396905,0.7003163046088203
1,Standalone LSTM,126,12.462135791778564,0.5000795342393155,34033,132.94140625,27.664097110915133,0.7609163271837693
1,Standalone LSTM,133,27.44595956802368,0.2977102565490547,34033,132.94140625,31.972019174545586,0.6806572598627452
1,Standalone LSTM,140,18.188902616500854,0.2984560875796447,34033,132.94140625,28.347090434774547,0.7489652195666164
1,Standalone LSTM,147,16.652504682540894,0.3087245765268287,34033,132.94140625,27.765806571328707,0.7591550715626197
1,Standalone LSTM,154,18.772391080856323,0.31042167707547674,34033,132.94140625,30.97354630694193,0.7002916910990552
1,Standalone LSTM,161,14.238078355789185,0.35389974412725705,34033,132.94140625,27.032347485181482,0.7717112864594812
1,Standalone LSTM,168,30.479297876358032,0.5383024298148471,34033,132.94140625,29.524374870826797,0.7276807515759358
1,Standalone LSTM,175,20.513226747512817,0.3698432136337764,34033,132.94140625,30.55778286522698,0.7082837654131655
1,Standalone LSTM,182,22.52968144416809,0.3505807788640003,34033,132.94140625,28.838205561595593,0.7401914827597236
1,Standalone LSTM,189,19.599382162094116,0.394463195580914,34033,132.94140625,27.465200419435064,0.7643418505600414
1,Standalone LSTM,196,17.264466285705566,0.29508662155107396,34033,132.94140625,30.660626714882913,0.7063168880347015
1,Standalone LSTM,203,13.908449649810791,0.3254159383196652,34033,132.94140625,31.441639148820435,0.6911644571367699
1,Standalone LSTM,210,32.83356952667236,0.563567928347189,34033,132.94140625,29.7168938593802,0.7241177596334323
1,Standalone LSTM,217,28.46239185333252,0.36908295381309664,34033,132.94140625,27.35383603562353,0.7662490435163404
1,Standalone LSTM,224,38.5752809047699,0.36020272059811637,34033,132.94140625,28.304422276952927,0.7497203679928645
1,Standalone LSTM,231,33.18134093284607,0.5548763000312388,34033,132.94140625,28.910777836533832,0.7388822043734395
1,Standalone LSTM,238,37.18313550949097,0.342457370043488,34033,132.94140625,30.53245028905033,0.7087672337736004
1,Standalone LSTM,245,33.79105091094971,0.29976154954014317,34033,132.94140625,31.137327861809258,0.6971137228825617
1,ILT (proposed),42,15.478611946105957,0.3708717802416007,41745,163.06640625,31.131835295788676,0.6972205705960974
1,ILT (proposed),49,31.53429365158081,0.5145296239715488,41745,163.06640625,30.79353610341636,0.703765221695148
1,ILT (proposed),56,26.636911630630493,0.4077187876192912,41745,163.06640625,30.096653528583452,0.7170215682733811
1,ILT (proposed),63,38.19833326339722,0.39686765038657945,41745,163.06640625,30.830622390212866,0.7030512495439414
1,ILT (proposed),70,17.573935747146606,0.35182577732317044,41745,163.06640625,29.316586056943965,0.7315003599648735
1,ILT (proposed),77,17.41227626800537,0.3397375431115758,41745,163.06640625,28.029151761705734,0.7545648117620066
1,ILT (proposed),84,18.263395309448242,0.5423321847613332,41745,163.06640625,29.360673832606377,0.7306921858596689
1,ILT (proposed),91,16.578693151474,0.3706065653380468,41745,163.06640625,31.758681302593626,0.6849047616330789
1,ILT (proposed),98,22.684027433395386,0.3340951991012529,41745,163.06640625,32.38356608146191,0.672383126737716
1,ILT (proposed),105,14.520218849182129,0.34671661146092486,41745,163.06640625,29.46448601013341,0.7287844056706584
1,ILT (proposed),112,16.516674757003784,0.34753355581409995,41745,163.06640625,28.1428280897126,0.7525699781106714
1,ILT (proposed),119,19.91936421394348,0.3302914951995058,41745,163.06640625,27.446276430637802,0.7646664836043732
1,ILT (proposed),126,17.366228818893433,0.34708969874753043,41745,163.06640625,31.207347610738136,0.6957499663757283
1,ILT (proposed),133,18.577085256576538,0.3422969356393952,41745,163.06640625,32.301268276008074,0.6740461856838917
1,ILT (proposed),140,13.873798131942749,0.35405468184941097,41745,163.06640625,32.96328464068846,0.6605483850148748
1,ILT (proposed),147,17.696011543273926,0.33078688365925285,41745,163.06640625,30.0249750220864,0.7183678520170852
1,ILT (proposed),154,21.8251690864563,0.33272034153127533,41745,163.06640625,30.894896946047112,0.7018118231089621
1,ILT (proposed),161,15.37182903289795,0.3341594415714143,41745,163.06640625,29.814697314027683,0.7222988186685748
1,ILT (proposed),168,17.530460596084595,0.3272885891477382,41745,163.06640625,29.298571383017233,0.7318302378938967
1,ILT (proposed),175,23.452777862548828,0.32091346872643023,41745,163.06640625,29.80864437402942,0.7224115642679975
1,ILT (proposed),182,31.275034427642822,0.3355054415612125,41745,163.06640625,32.6543279193273,0.6668817569111347
1,ILT (proposed),189,16.11023736000061,0.32617070145840604,41745,163.06640625,28.309478348796983,0.7496309441698751
1,ILT (proposed),196,16.27664875984192,0.32058229363960905,41745,163.06640625,30.01740923006352,0.7185097673257759
1,ILT (proposed),203,21.180988788604736,0.3400068805265839,41745,163.06640625,29.918269180972295,0.7203660814666984
1,ILT (proposed),210,15.091333150863647,0.3537169794527873,41745,163.06640625,28.401272089010952,0.748004663956408
1,ILT (proposed),217,19.998425483703613,0.3450050821221871,41745,163.06640625,31.14624985304154,0.6969401218669555
1,ILT (proposed),224,19.33922791481018,0.5478357375526978,41745,163.06640625,31.10203720889718,0.6977999087431811
1,ILT (proposed),231,18.351744890213013,0.3339395742938567,41745,163.06640625,29.72580858731094,0.7239522117788268
1,ILT (proposed),238,19.12109088897705,0.35905185281715063,41745,163.06640625,28.588182526746387,0.7446769577756001
1,ILT (proposed),245,16.276526927947998,0.3381414440935558,41745,163.06640625,29.937226140300567,0.7200116031903069
7,Standalone LSTM,42,15.958216190338135,0.2696060164030208,34033,132.94140625,32.1349628990443,0.6792623506703946
7,Standalone LSTM,49,13.193283557891846,0.2926120231317919,34033,132.94140625,30.454836211961346,0.7119241363040199
7,Standalone LSTM,56,16.061349391937256,0.2790332533592402,34033,132.94140625,32.59715106296834,0.66996984262338
7,Standalone LSTM,63,12.275242328643799,0.28003856193187626,34033,132.94140625,29.723505212743248,0.7255935073620152
7,Standalone LSTM,70,12.999898433685303,0.27517385261003363,34033,132.94140625,32.81366175339506,0.6655711539284953
7,Standalone LSTM,77,16.223909378051758,0.2721905015235723,34033,132.94140625,33.56130665035143,0.6501579105162939
7,Standalone LSTM,84,10.134896039962769,0.2771123897197635,34033,132.94140625,29.48193781653306,0.7300356683090041
7,Standalone LSTM,91,15.389687776565552,0.2765929283097733,34033,132.94140625,33.26240333948409,0.6563616799047829
7,Standalone LSTM,98,13.289640665054321,0.2685376377992852,34033,132.94140625,31.77466204962919,0.686414324080848
7,Standalone LSTM,105,13.116690158843994,0.30721377494723295,34033,132.94140625,30.791374233391988,0.7055222538509495
7,Standalone LSTM,112,13.451422214508057,0.28232537036718325,34033,132.94140625,33.31941795692796,0.6551826190477542
7,Standalone LSTM,119,18.422359943389893,0.2745961727097977,34033,132.94140625,33.19628431589229,0.6577264909512738
7,Standalone LSTM,126,15.762106657028198,0.2695983925531077,34033,132.94140625,33.53416804113267,0.6507234659164385
7,Standalone LSTM,133,11.547871351242065,0.29437278592309285,34033,132.94140625,28.73531075625295,0.7435361647498415
7,Standalone LSTM,140,17.159419298171997,0.27413908825364225,34033,132.94140625,30.65188490362727,0.7081842631469404
7,Standalone LSTM,147,16.499510049819946,0.2629743065944938,34033,132.94140625,32.657700942694994,0.668742628258558
7,Standalone LSTM,154,13.780524015426636,0.2767707026282022,34033,132.94140625,32.49419061812816,0.6720513980041247
7,Standalone LSTM,161,35.57921743392944,0.5239511645117472,34033,132.94140625,32.25430252462043,0.6768756801011039
7,Standalone LSTM,168,17.51745367050171,0.26941819246425186,34033,132.94140625,32.47248125858403,0.6724894563580206
7,Standalone LSTM,175,12.30680775642395,0.2645784339239431,34033,132.94140625,30.56313112721948,0.7098717451308831
7,Standalone LSTM,182,16.080357313156128,0.27825804643852764,34033,132.94140625,32.67249319618972,0.6684424753018801
7,Standalone LSTM,189,15.672038793563843,0.2740354732025501,34033,132.94140625,31.42784403633162,0.6932224923560436
7,Standalone LSTM,196,11.058794260025024,0.2692653689273568,34033,132.94140625,34.18098828976555,0.6371195534538909
7,Standalone LSTM,203,14.671757459640503,0.2708279116209163,34033,132.94140625,32.1862527776789,0.67823768956414
7,Standalone LSTM,210,12.455808162689209,0.27156222698300386,34033,132.94140625,31.595002046103865,0.6899504453072054
7,Standalone LSTM,217,13.211579084396362,0.27264619982519817,34033,132.94140625,31.3321125565711,0.6950885787349711
7,Standalone LSTM,224,16.993717432022095,0.26936066705127093,34033,132.94140625,30.7978179017917,0.7053989910515518
7,Standalone LSTM,231,12.117429256439209,0.3052326135857161,34033,132.94140625,32.13379587233111,0.679285646331826
7,Standalone LSTM,238,15.523422479629517,0.2694923517315887,34033,132.94140625,32.68500378747264,0.6681885139771104
7,Standalone LSTM,245,11.828294038772583,0.27773962464443475,34033,132.94140625,30.544989005939353,0.7102160802553615
7,ILT (proposed),42,20.947674989700317,0.5357362503229186,41745,163.06640625,33.14952018683744,0.6586901438925742
7,ILT (proposed),49,22.446187019348145,0.34628531267476637,41745,163.06640625,32.644649549254055,0.6690073441609983
7,ILT (proposed),56,16.99102210998535,0.3300132446510847,41745,163.06640625,31.04078341862652,0.7007324119204679
7,ILT (proposed),63,16.962430715560913,0.3348606270413066,41745,163.06640625,30.358097766567845,0.7137513502322654
7,ILT (proposed),70,16.241902589797974,0.33122474371000776,41745,163.06640625,31.898758973013855,0.6839601038320626
7,ILT (proposed),77,14.439334630966187,0.3345830495967421,41745,163.06640625,30.60342990865244,0.7091061479701573
7,ILT (proposed),84,17.18407154083252,0.3330056057419888,41745,163.06640625,31.55396651629961,0.6907553058600537
7,ILT (proposed),91,18.479252576828003,0.33936874811039414,41745,163.06640625,30.120159719699174,0.7182208353784219
7,ILT (proposed),98,12.787750959396362,0.3539996091709581,41745,163.06640625,35.073886005693126,0.6179131346933758
7,ILT (proposed),105,15.918918132781982,0.3270032100899275,41745,163.06640625,30.750484653637365,0.7063038413300609
7,ILT (proposed),112,17.414631605148315,0.3268677134846532,41745,163.06640625,30.52795007951874,0.7105392906982655
7,ILT (proposed),119,21.439441919326782,0.3365077251611754,41745,163.06640625,31.51038178598311,0.6916090202691096
7,ILT (proposed),126,13.723339557647705,0.3304859233456989,41745,163.06640625,29.091462948645713,0.7371394214776392
7,ILT (proposed),133,19.68415594100952,0.3374690233274948,41745,163.06640625,33.23660080577024,0.6568946119461649
7,ILT (proposed),140,16.42919611930847,0.3215805735698966,41745,163.06640625,30.77656976267013,0.7058053551568457
7,ILT (proposed),147,21.390704870224,0.3289240737294042,41745,163.06640625,31.639625197755034,0.6890740308367946
7,ILT (proposed),154,15.95455026626587,0.3601804722187131,41745,163.06640625,32.69957196329098,0.6678926617651879
7,ILT (proposed),161,29.753424882888794,0.3322737161503282,41745,163.06640625,32.24081684998063,0.6771458231920693
7,ILT (proposed),168,20.392348527908325,0.33925196459127027,41745,163.06640625,33.02600792810895,0.6612287879691194
7,ILT (proposed),175,20.567800998687744,0.3472324027571567,41745,163.06640625,33.076614054197236,0.6601897866097338
7,ILT (proposed),182,15.428737163543701,0.5476440108099649,41745,163.06640625,32.629759418533965,0.6693092251713686
7,ILT (proposed),189,14.434748649597168,0.327737525452015,41745,163.06640625,32.60260188690493,0.6698594595604408
7,ILT (proposed),196,16.140182495117188,0.3312684075776921,41745,163.06640625,33.45759652025611,0.6523167126131881
7,ILT (proposed),203,18.39093041419983,0.38386292235795844,41745,163.06640625,33.25557439877743,0.6565027668127406
7,ILT (proposed),210,21.19589352607727,0.32331569250239883,41745,163.06640625,32.185571530621935,0.6782513101187773
7,ILT (proposed),217,19.551509857177734,0.33202247564182724,41745,163.06640625,34.02460915805654,0.6404323376919026
7,ILT (proposed),224,20.94875979423523,0.41010490683622136,41745,163.06640625,29.001178247238652,0.7387684535117378
7,ILT (proposed),231,28.77861738204956,0.353736586348955,41745,163.06640625,34.33657458959571,0.6338084892982029
7,ILT (proposed),238,16.523133516311646,0.34129550290662186,41745,163.06640625,30.494854921720613,0.71116655555907
7,ILT (proposed),245,16.362683296203613,0.34139807834181674,41745,163.06640625,31.06056650284179,0.7003508286053481
14,Standalone LSTM,42,13.94686770439148,0.2817515934791509,34033,132.94140625,32.860194055522825,0.6669326866983072
14,Standalone LSTM,49,13.461612224578857,0.28592759467081524,34033,132.94140625,34.1811266505433,0.6396168200264445
14,Standalone LSTM,56,23.67723035812378,0.3623524776464342,34033,132.94140625,33.22953317455775,0.6594034485408591
14,Standalone LSTM,63,12.6693434715271,0.3042294590483678,34033,132.94140625,32.61600451763857,0.671864450586806
14,Standalone LSTM,70,14.093064546585083,0.2750881267889306,34033,132.94140625,31.866244731852877,0.6867770752418425
14,Standalone LSTM,77,13.065910339355469,0.28456220192706183,34033,132.94140625,34.25556263029419,0.6380455035406979
14,Standalone LSTM,84,10.21400761604309,0.2748931206970663,34033,132.94140625,33.916041802526394,0.6451849033373196
14,Standalone LSTM,91,13.016482830047607,0.2806575287806305,34033,132.94140625,31.6999098770592,0.6900384519812942
14,Standalone LSTM,98,14.143122673034668,0.2764888797037402,34033,132.94140625,31.817812150417925,0.6877284685778678
14,Standalone LSTM,105,15.785011053085327,0.28307847514551643,34033,132.94140625,32.30448505635803,0.6781026425598697
14,Standalone LSTM,112,12.743374824523926,0.27758889611422055,34033,132.94140625,31.166677001622993,0.7003786430966079
14,Standalone LSTM,119,13.943284273147583,0.2804079069790161,34033,132.94140625,34.301507798619255,0.6370739116883554
14,Standalone LSTM,126,15.050876140594482,0.2844564715145968,34033,132.94140625,30.922887861179433,0.7050476523914113
14,Standalone LSTM,133,13.401885032653809,0.3068982767113505,34033,132.94140625,33.926970639289344,0.6449562008809816
14,Standalone LSTM,140,15.08415675163269,0.2686802336122846,34033,132.94140625,32.2210507633107,0.6797632538115381
14,Standalone LSTM,147,11.274436712265015,0.27023888194438467,34033,132.94140625,33.78440288661862,0.6479338580462295
14,Standalone LSTM,154,21.114349603652954,0.27472752306429826,34033,132.94140625,36.74293120587309,0.583572534739651
14,Standalone LSTM,161,10.461888551712036,0.28281064810731865,34033,132.94140625,32.394421686098426,0.6763078043057669
14,Standalone LSTM,168,16.161027908325195,0.27611007074252447,34033,132.94140625,32.123665005953086,0.6816961124784457
14,Standalone LSTM,175,14.992516040802002,0.2691500687564172,34033,132.94140625,36.191019746105695,0.5959887981788206
14,Standalone LSTM,182,12.85802149772644,0.2692372438315953,34033,132.94140625,32.144204868031196,0.6812889355191027
14,Standalone LSTM,189,10.682111501693726,0.2850344877761191,34033,132.94140625,33.711924905106,0.6494428189973948
14,Standalone LSTM,196,11.725881576538086,0.30486209101964024,34033,132.94140625,34.58640303653438,0.6310202245796626
14,Standalone LSTM,203,11.460442781448364,0.27280792090686234,34033,132.94140625,33.36732105962269,0.6565729918400576
14,Standalone LSTM,210,17.384175300598145,0.2776193548754273,34033,132.94140625,36.1228339979956,0.5975097199704859
14,Standalone LSTM,217,14.678452730178833,0.2743133539320264,34033,132.94140625,33.83967497467123,0.6467809385223902
14,Standalone LSTM,224,15.391247510910034,0.2774929685214543,34033,132.94140625,31.00262229723649,0.7035246265007984
14,Standalone LSTM,231,11.25360655784607,0.2692158876886802,34033,132.94140625,33.34740459228192,0.6569828426324269
14,Standalone LSTM,238,10.063135147094727,0.2719078119980956,34033,132.94140625,35.00541818962363,0.6220256692593485
14,Standalone LSTM,245,12.796071529388428,0.2803270337165015,34033,132.94140625,33.47183000532048,0.654418344696774
14,ILT (proposed),42,19.672111988067627,0.35053167749256464,41745,163.06640625,30.429004238930375,0.7143940521359389
14,ILT (proposed),49,15.6765718460083,0.3672059236994224,41745,163.06640625,36.937219532532005,0.5791569423139702
14,ILT (proposed),56,21.261929035186768,0.3477917893867661,41745,163.06640625,32.41097253068362,0.6759769604423986
14,ILT (proposed),63,16.94144868850708,0.36034955152155895,41745,163.06640625,31.64224346658069,0.6911651499426059
14,ILT (proposed),70,15.89254903793335,0.33512759663810116,41745,163.06640625,34.56923284034279,0.6313864888905325
14,ILT (proposed),77,16.789936304092407,0.36610240628190677,41745,163.06640625,34.55352274197574,0.6317214479384694
14,ILT (proposed),84,17.940810680389404,0.33164969624926866,41745,163.06640625,34.12280664351397,0.6408455460237219
14,ILT (proposed),91,12.454169988632202,0.4313286180538228,41745,163.06640625,33.58443760878607,0.652089187187405
14,ILT (proposed),98,14.764949083328247,0.3391110424428259,41745,163.06640625,38.16233529528695,0.5507773431955784
14,ILT (proposed),105,16.1462619304657,0.34284836745297154,41745,163.06640625,33.31068614703211,0.6577378112862164
14,ILT (proposed),112,15.825618505477905,0.3780863533636197,41745,163.06640625,32.725783098488364,0.6696518634152826
14,ILT (proposed),119,17.94867992401123,0.32852224666466623,41745,163.06640625,30.47422172921034,0.7135446007733325
14,ILT (proposed),126,16.09438395500183,0.3401364874034551,41745,163.06640625,36.28219191213959,0.5939506697516339
14,ILT (proposed),133,14.072874307632446,0.32577920765253593,41745,163.06640625,32.02262861963453,0.6836952429496709
14,ILT (proposed),140,21.25753402709961,0.5455262160336218,41745,163.06640625,30.434650199839307,0.7142880565797156
14,ILT (proposed),147,16.80749249458313,0.3442242632178308,41745,163.06640625,31.207949541651956,0.6995845691960798
14,ILT (proposed),154,15.287419557571411,0.3368273355537224,41745,163.06640625,33.58192188783322,0.6521413073837006
14,ILT (proposed),161,20.896350622177124,0.3295291362880085,41745,163.06640625,35.365354965919934,0.6142128044158748
14,ILT (proposed),168,14.466590166091919,0.37044365500563564,41745,163.06640625,30.64866643207305,0.7102556799410695
14,ILT (proposed),175,14.753321409225464,0.32925920864558955,41745,163.06640625,33.78472080391585,0.6479272320038334
14,ILT (proposed),182,24.657084703445435,0.3314494386468515,41745,163.06640625,33.56420338145127,0.6525082852167139
14,ILT (proposed),189,15.833115100860596,0.34310814217498825,41745,163.06640625,31.92537072184009,0.6856136625641729
14,ILT (proposed),196,13.130961179733276,0.5402922105159004,41745,163.06640625,37.584079449041305,0.5642879196643728
14,ILT (proposed),203,12.964862823486328,0.34043792410919144,41745,163.06640625,32.30061345793246,0.6781797948574492
14,ILT (proposed),210,25.70974063873291,0.3391180444568965,41745,163.06640625,34.86035985155308,0.6251517411651658
14,ILT (proposed),217,13.847513675689697,0.34396763940214586,41745,163.06640625,35.61823187154995,0.6086760039166137
14,ILT (proposed),224,18.63564658164978,0.34715565640845836,41745,163.06640625,31.94416124968589,0.6852434727371945
14,ILT (proposed),231,15.89037299156189,0.3392888936002174,41745,163.06640625,30.81542479751706,0.707094124074253
14,ILT (proposed),238,24.00868272781372,0.33323740293976145,41745,163.06640625,32.25437171188123,0.6791005746425496
14,ILT (proposed),245,19.87958526611328,0.34841987004889263,41745,163.06640625,33.52673462473686,0.6532836836382708
21,Standalone LSTM,42,20.811758041381836,0.28180545444658317,34033,132.94140625,35.46007984949259,0.6148255960121513
21,Standalone LSTM,49,13.262753963470459,0.27959566088034066,34033,132.94140625,36.40220266965279,0.59408665713903
21,Standalone LSTM,56,10.513104915618896,0.28147647925583474,34033,132.94140625,35.708422367838274,0.6094116127652556
21,Standalone LSTM,63,15.148453950881958,0.2730946866270343,34033,132.94140625,32.099946800295655,0.684363930907163
21,Standalone LSTM,70,14.899911403656006,0.2851358860819559,34033,132.94140625,35.35163581382068,0.6171778747813012
21,Standalone LSTM,77,15.283320665359497,0.287300401342375,34033,132.94140625,36.763887962917174,0.5859804312542469
21,Standalone LSTM,84,14.441093444824219,0.2820562538124334,34033,132.94140625,31.12755371297864,0.703197207183809
21,Standalone LSTM,91,17.53620433807373,0.2773699491597071,34033,132.94140625,35.05154034157909,0.6236497434544102
21,Standalone LSTM,98,15.208105087280273,0.3046628629418438,34033,132.94140625,31.760328454017728,0.6910074766535379
21,Standalone LSTM,105,9.695767641067505,0.28504532947030903,34033,132.94140625,37.70493228308098,0.5645138664292297
21,Standalone LSTM,112,17.573761224746704,0.27881354889459353,34033,132.94140625,35.7237726091721,0.6090757303991109
21,Standalone LSTM,119,22.478092908859253,0.2730090823300868,34033,132.94140625,34.90087507899456,0.6268781918481385
21,Standalone LSTM,126,11.82445740699768,0.2759305942659916,34033,132.94140625,36.17335171463367,0.5991743524177342
21,Standalone LSTM,133,16.73125672340393,0.3079947095242735,34033,132.94140625,34.27332246029142,0.6401757615897798
21,Standalone LSTM,140,13.676921367645264,0.30193873612038813,34033,132.94140625,37.887291505222834,0.5602912381339675
21,Standalone LSTM,147,13.209006071090698,0.29318198252148725,34033,132.94140625,36.214785562081815,0.598255595409624
21,Standalone LSTM,154,19.907026052474976,0.3309175593209196,34033,132.94140625,34.62402352362912,0.6327742985272857
21,Standalone LSTM,161,14.887216806411743,0.2912477498945921,34033,132.94140625,34.30973543763448,0.6394107799062116
21,Standalone LSTM,168,17.46047306060791,0.2937815663368836,34033,132.94140625,33.85262567476426,0.6489550588473296
21,Standalone LSTM,175,13.195736646652222,0.29511939877926063,34033,132.94140625,38.56055165027627,0.5445250703451845
21,Standalone LSTM,182,16.48308300971985,0.28917379124581993,34033,132.94140625,32.58116355822282,0.6748294685094312
21,Standalone LSTM,189,26.889374494552612,0.28405734268777094,34033,132.94140625,36.053043562617255,0.6018361130470763
21,Standalone LSTM,196,14.404015064239502,0.37033232454022597,34033,132.94140625,32.766669546431636,0.6711161079069929
21,Standalone LSTM,203,15.786471843719482,0.28052775725412793,34033,132.94140625,35.10594834353434,0.6224804734382252
21,Standalone LSTM,210,13.830829620361328,0.28578004072964724,34033,132.94140625,32.81939627162664,0.6700568044736981
21,Standalone LSTM,217,17.366504430770874,0.28753351387001286,34033,132.94140625,37.74460024416897,0.5635970667922987
21,Standalone LSTM,224,14.35672402381897,0.30797808389635395,34033,132.94140625,35.89209570087298,0.605383141479002
21,Standalone LSTM,231,17.555723190307617,0.33707328649232227,34033,132.94140625,36.08265075084415,0.6011818906894384
21,Standalone LSTM,238,17.61106586456299,0.2710631763899715,34033,132.94140625,33.49276958722986,0.6563786622278839
21,Standalone LSTM,245,15.993912696838379,0.280032525784184,34033,132.94140625,35.39404706962602,0.6162587825906226
21,ILT (proposed),42,17.993401765823364,0.34559551261652827,41745,163.06640625,34.40708110374514,0.6373617058547331
21,ILT (proposed),49,12.99805498123169,0.3410146215195472,41745,163.06640625,39.884722180619065,0.5127059109280494
21,ILT (proposed),56,15.532302856445312,0.3609020561422014,41745,163.06640625,32.430653613650996,0.6778268050067736
21,ILT (proposed),63,20.4765887260437,0.3784021213429618,41745,163.06640625,32.39999038324541,0.6784357474464031
21,ILT (proposed),70,17.600255489349365,0.3406499189156099,41745,163.06640625,37.01779659772192,0.5802418565730513
21,ILT (proposed),77,20.59186625480652,0.3416375519613838,41745,163.06640625,36.04772851612838,0.6019535013931139
21,ILT (proposed),84,14.058332681655884,0.3480423098148154,41745,163.06640625,33.4354882337955,0.6575530209883484
21,ILT (proposed),91,20.600080490112305,0.3326862431421478,41745,163.06640625,36.1834992062609,0.5989494384847951
21,ILT (proposed),98,19.04570174217224,0.34651098336239594,41745,163.06640625,34.59288855351101,0.6334344425184633
21,ILT (proposed),105,22.813718557357788,0.3451183217215609,41745,163.06640625,35.386638002657754,0.6164194235476529
21,ILT (proposed),112,19.657590627670288,0.5987854315194603,41745,163.06640625,35.47136542151963,0.6145803847647511
21,ILT (proposed),119,19.708526134490967,0.3461554779143291,41745,163.06640625,36.83436861400184,0.5843914622160626
21,ILT (proposed),126,24.26065492630005,0.39808615732617475,41745,163.06640625,34.95742958061514,0.6256679749233462
21,ILT (proposed),133,20.962575435638428,0.4205134219161127,41745,163.06640625,32.864389970499545,0.6691515141523108
21,ILT (proposed),140,18.034769535064697,0.3904189129611505,41745,163.06640625,33.384015949006006,0.6586065698834821
21,ILT (proposed),147,24.145699501037598,0.6528693066152691,41745,163.06640625,34.83512790848858,0.6282826607250008
21,ILT (proposed),154,28.535984992980957,0.4701363226780198,41745,163.06640625,35.151636839800105,0.6214971914498901
21,ILT (proposed),161,21.977317094802856,0.3962665354108952,41745,163.06640625,35.15367618740375,0.6214532719482044
21,ILT (proposed),168,23.6792049407959,0.4683715299611983,41745,163.06640625,32.89978878259105,0.6684384048689636
21,ILT (proposed),175,23.07104802131653,0.36970691794103966,41745,163.06640625,38.70405543498051,0.5411286459130275
21,ILT (proposed),182,19.879442930221558,0.3454285488638043,41745,163.06640625,37.73701357777681,0.5637724831806323
21,ILT (proposed),189,24.10082769393921,0.39961677630506565,41745,163.06640625,35.27167922646369,0.6189076128745604
21,ILT (proposed),196,24.49666118621826,0.376664212620223,41745,163.06640625,34.67091451262532,0.6317789643790087
21,ILT (proposed),203,28.601059913635254,0.3699729279877524,41745,163.06640625,32.703757943510276,0.6723778015885002
21,ILT (proposed),210,19.058823823928833,0.3904058247008734,41745,163.06640625,34.905861025937995,0.6267715757005037
21,ILT (proposed),217,16.431334972381592,0.3653902682069501,41745,163.06640625,35.92632846196849,0.6046300360096313
21,ILT (proposed),224,18.81278157234192,0.37596805866818755,41745,163.06640625,33.288885052388494,0.6605494631490076
21,ILT (proposed),231,24.842068433761597,0.37189584103819173,41745,163.06640625,32.05851204231378,0.6851782539617873
21,ILT (proposed),238,19.538206577301025,0.33604815734953836,41745,163.06640625,34.88795116014885,0.627154477363559
21,ILT (proposed),245,21.95478081703186,0.34065487123030935,41745,163.06640625,35.962126507233926,0.603841727048456
28,Standalone LSTM,42,14.166091680526733,0.2859571705693784,34033,132.94140625,35.24273931769669,0.6221168346835164
28,Standalone LSTM,49,13.554648637771606,0.2854817632077516,34033,132.94140625,37.37221432370041,0.5750714698306829
28,Standalone LSTM,56,14.918442010879517,0.30114053786247746,34033,132.94140625,35.84624592386633,0.6090640680693502
28,Standalone LSTM,63,26.03337597846985,0.2792986079134505,34033,132.94140625,37.89735545834962,0.5630456774573651
28,Standalone LSTM,70,13.611297607421875,0.2895420280353598,34033,132.94140625,36.25615814604476,0.6000720153888415
28,Standalone LSTM,77,14.41238260269165,0.28639647556745307,34033,132.94140625,35.267795460253566,0.6215793248061374
28,Standalone LSTM,84,16.57051968574524,0.27457205788127664,34033,132.94140625,35.69329848930036,0.6123930128892567
28,Standalone LSTM,91,11.646139144897461,0.27616949810617153,34033,132.94140625,32.73879399002804,0.6739054175604895
28,Standalone LSTM,98,9.584015846252441,0.2896753565661017,34033,132.94140625,33.73968722510659,0.6536618490268995
28,Standalone LSTM,105,31.56442928314209,0.2777805213985414,34033,132.94140625,38.043590988624544,0.5596669968492505
28,Standalone LSTM,112,15.527267932891846,0.2748716002640159,34033,132.94140625,38.34859626604268,0.5525781673915848
28,Standalone LSTM,119,14.864959716796875,0.2774834811598107,34033,132.94140625,36.666214485121735,0.590974505210645
28,Standalone LSTM,126,14.119036436080933,0.29002386948158,34033,132.94140625,36.43768317705145,0.5960573221392895
28,Standalone LSTM,133,15.464924335479736,0.28163989980717646,34033,132.94140625,37.12826144907758,0.5806009361329592
28,Standalone LSTM,140,13.063545942306519,0.2840065705901322,34033,132.94140625,36.71370788878403,0.5899142051839681
28,Standalone LSTM,147,12.139912128448486,0.27208778632991854,34033,132.94140625,36.186601929651715,0.6016050401445945
28,Standalone LSTM,154,16.960333108901978,0.27516041917243284,34033,132.94140625,37.690622421553776,0.5677999146040581
28,Standalone LSTM,161,10.924012660980225,0.2851890123587498,34033,132.94140625,35.594147877191794,0.6145434497070132
28,Standalone LSTM,168,17.35223698616028,0.27626708172250547,34033,132.94140625,36.850879193750664,0.5868441208792727
28,Standalone LSTM,175,11.987216234207153,0.27788203695546027,34033,132.94140625,35.87042748343423,0.6085364463402092
28,Standalone LSTM,182,16.27960467338562,0.2790373125891278,34033,132.94140625,38.40524044960281,0.5512554299562453
28,Standalone LSTM,189,12.516258478164673,0.2832259016594608,34033,132.94140625,37.09958264869849,0.5812485946147415
28,Standalone LSTM,196,12.139703750610352,0.2720745607115876,34033,132.94140625,37.10076913398275,0.581221809929332
28,Standalone LSTM,203,13.98727560043335,0.27782198549925474,34033,132.94140625,38.99938585106186,0.5372634914461045
28,Standalone LSTM,210,13.49982213973999,0.26816978626165433,34033,132.94140625,33.26564831577565,0.6633255082358738
28,Standalone LSTM,217,15.316453218460083,0.33014324651486515,34033,132.94140625,35.84965569582247,0.6089896911999171
28,Standalone LSTM,224,14.290209531784058,0.3737338121863141,34033,132.94140625,36.81820819130251,0.5875763820059927
28,Standalone LSTM,231,16.29682445526123,0.3318221851446103,34033,132.94140625,38.08856530890932,0.5586252769304467
28,Standalone LSTM,238,16.790145874023438,0.2740666247915471,34033,132.94140625,31.26114884678874,0.7026772794047971
28,Standalone LSTM,245,17.29873538017273,0.2850731988360678,34033,132.94140625,36.35628614771434,0.5978600168563586
28,ILT (proposed),42,16.120900869369507,0.3345831223334866,41745,163.06640625,35.726797404406454,0.6116651167754841
28,ILT (proposed),49,16.59421682357788,0.32787844873797234,41745,163.06640625,39.39359773525374,0.527861385602691
28,ILT (proposed),56,17.002562761306763,0.34416919347943215,41745,163.06640625,33.967705043754,0.648964821519981
28,ILT (proposed),63,16.199793338775635,0.34871165720240466,41745,163.06640625,33.343520649333506,0.6617474049141926
28,ILT (proposed),70,14.174647331237793,0.3438421275125987,41745,163.06640625,36.252693190274655,0.6001484529725452
28,ILT (proposed),77,13.162649393081665,0.3508399094062588,41745,163.06640625,32.56993514217912,0.6772605779343803
28,ILT (proposed),84,21.74354577064514,0.33805395352250633,41745,163.06640625,33.63096973595025,0.6558902247869486
28,ILT (proposed),91,15.190222263336182,0.3332759308135849,41745,163.06640625,35.718033397162756,0.6118556153671761
28,ILT (proposed),98,13.847225904464722,0.3364536537044588,41745,163.06640625,40.83004448631047,0.49280152893294926
28,ILT (proposed),105,17.66816020011902,0.34456310243620863,41745,163.06640625,35.05567410901294,0.6261177262002835
28,ILT (proposed),112,13.98425006866455,0.336775000484987,41745,163.06640625,35.25062413132277,0.6219477291206219
28,ILT (proposed),119,22.19953489303589,0.33331739491429824,41745,163.06640625,35.987731759000944,0.6059719141237807
28,ILT (proposed),126,16.513190507888794,0.3512570525574005,41745,163.06640625,35.88359451794092,0.6082490028664767
28,ILT (proposed),133,18.015265703201294,0.3411026372723672,41745,163.06640625,37.70710886233041,0.5674217303746247
28,ILT (proposed),140,14.14572548866272,0.35960563476654006,41745,163.06640625,33.5886854604103,0.6567549804287545
28,ILT (proposed),147,18.307287454605103,0.4885611326798149,41745,163.06640625,35.97059860640025,0.6063470050777925
28,ILT (proposed),154,17.386873722076416,0.3325935603975356,41745,163.06640625,37.07797558418813,0.5817362202524041
28,ILT (proposed),161,19.14217257499695,0.3491788432337176,41745,163.06640625,37.889703226428,0.5632221192273725
28,ILT (proposed),168,21.33037042617798,0.3534710925558339,41745,163.06640625,35.21312724511844,0.6227515868552922
28,ILT (proposed),175,15.46517276763916,0.34089031248078355,41745,163.06640625,39.34718286960499,0.5289733094461311
28,ILT (proposed),182,15.490149021148682,0.3310854824586608,41745,163.06640625,38.0540463872499,0.5594249329647512
28,ILT (proposed),189,18.77057981491089,0.3558177461867211,41745,163.06640625,37.81208407242794,0.5650098135774655
28,ILT (proposed),196,17.488098621368408,0.3321403148828418,41745,163.06640625,34.7055762416489,0.6335482931358873
28,ILT (proposed),203,14.966816902160645,0.34367198172001645,41745,163.06640625,38.25386934167622,0.5547858387062702
28,ILT (proposed),210,16.68735384941101,0.33613373672050695,41745,163.06640625,38.67226316410244,0.5449937037192857
28,ILT (proposed),217,17.619049549102783,0.33495629923990644,41745,163.06640625,37.32670179477473,0.5761058102537917
28,ILT (proposed),224,12.429808855056763,0.34504458643328484,41745,163.06640625,34.66618991765746,0.634379571409859
28,ILT (proposed),231,16.112456560134888,0.34521830671730785,41745,163.06640625,37.10289324647295,0.5811738563440618
28,ILT (proposed),238,26.75665307044983,0.3359746718513912,41745,163.06640625,36.75706678527588,0.5889450103977487
28,ILT (proposed),245,19.01360559463501,0.33219714929675054,41745,163.06640625,37.29202970141123,0.5768929396914404
