horizon,seed,rmse,r2,hits20,hits10,top1
1,42,28.723788082830293,0.7422490077502779,20,10,cases_std_7
1,49,30.13529342307564,0.7162944923701806,20,10,cases_std_7
1,56,35.627483030981324,0.6034598178471693,20,10,cases_std_7
1,63,31.972388116808766,0.6806498896861904,20,10,cases_diff_14
1,70,30.95062389291936,0.7007351337542727,20,10,cases_std_7
1,77,26.246852915353337,0.7847855671171274,20,10,cases_std_7
1,84,30.117513238295516,0.7166291729169075,20,10,cases_std_7
1,91,28.82820471349843,0.7403716503484752,20,10,cases_std_7
1,98,29.254265619204983,0.7326406857697051,20,10,cases_std_7
1,105,30.77627822710496,0.7040971712678344,20,10,cases_std_7
1,112,30.64397257537958,0.7066358450614084,20,10,cases_std_7
1,119,30.87265925017468,0.7022409316149429,20,10,cases_std_7
1,126,31.734950757414353,0.6853754731286104,20,10,cases_std_7
1,133,29.55603424471113,0.727096415454336,20,10,cases_diff_14
1,140,28.299616376526334,0.7498053523718549,20,10,cases_diff_14
1,147,28.555681080898292,0.745257173106334,20,10,cases_diff_14
1,154,30.293223987450443,0.7133130594368424,20,10,cases_std_7
1,161,29.632668982233405,0.725679377713393,20,10,cases_diff_14
1,168,30.750416336923813,0.7045942678361301,20,10,cases_diff_14
1,175,30.60417960529287,0.707397251007783,20,10,cases_std_14
1,182,29.623350412645127,0.7258518815046962,20,10,cases_std_7
1,189,32.066546250070424,0.6787661588192868,20,10,cases_std_14
1,196,30.14368806110431,0.7161364095052982,20,10,cases_diff_14
1,203,31.782099188222936,0.6844399070215716,20,10,cases_diff_14
1,210,34.87416005512502,0.6200517655396282,20,10,cases_std_7
1,217,27.854052779043247,0.7576217160623918,20,10,cases_std_14
1,224,30.889154696495332,0.7019226577107616,20,10,cases_diff_14
1,231,28.744353256797673,0.7418797951985497,20,10,cases_std_14
1,238,31.29643374015083,0.6940104308592504,20,10,cases_std_7
1,245,29.67427853554024,0.724908446653431,20,10,cases_std_7
7,42,28.632937034611956,0.7453602889847254,20,10,cases_diff_14
7,49,29.69751370988772,0.7260732030587047,20,10,cases_std_7
7,56,30.223794206149798,0.7162784634226463,20,10,cases_std_14
7,63,32.43988406289262,0.6731466631007643,20,10,cases_std_7
7,70,31.192141914074575,0.6978067687597873,20,10,cases_std_14
7,77,30.453620550538716,0.71194713401265,20,10,cases_std_7
7,84,31.48552640295561,0.6920953458763865,20,10,cases_std_7
7,91,29.681364509891395,0.7263710391597764,20,10,cases_std_7
7,98,28.760750268108666,0.7430818663546199,20,10,cases_std_7
7,105,32.974266813531166,0.66228944715975,20,10,cases_std_14
7,112,29.15652085459505,0.7359624245914823,20,10,cases_diff_14
7,119,32.977465863544126,0.6622239169473201,20,10,cases_std_7
7,126,30.167260943929517,0.7173388665523052,20,10,cases_std_7
7,133,29.952148470064817,0.7213556150204576,20,10,cases_diff_14
7,140,34.65830962886263,0.6269138811586689,20,10,cases_std_28
7,147,33.19401719095321,0.6577732401779932,20,10,cases_diff_14
7,154,30.417359750428613,0.7126326885585348,20,10,cases_std_7
7,161,31.075599099483572,0.7000607118642117,20,10,cases_std_14
7,168,33.55484864762025,0.6502925336299221,20,10,cases_std_14
7,175,30.29472103589735,0.7149452700404636,20,10,cases_std_7
7,182,33.495656686296385,0.6515252385294413,20,10,cases_std_7
7,189,35.50576811828815,0.6084455526093283,20,10,cases_std_14
7,196,35.24161047613747,0.6142500934108357,20,10,cases_std_14
7,203,32.42019343329672,0.6735433349695092,20,10,cases_std_7
7,210,32.013925393408805,0.6816739404562295,20,10,cases_diff_14
7,217,30.039687506911584,0.7197244862297549,20,10,cases_std_7
7,224,30.163666089948453,0.7174062286479176,20,10,cases_std_7
7,231,33.42363957547358,0.653022099262839,20,10,cases_std_14
7,238,32.892558396006585,0.663961029855289,20,10,cases_std_7
7,245,30.34615386353217,0.7139765457357903,20,10,cases_diff_14
14,42,32.53991418512634,0.6733936887262528,20,10,cases_diff_14
14,49,28.765564829014988,0.7447665573947524,20,10,cases_diff_14
14,56,33.299207499758026,0.6579736533231317,20,10,cases_std_7
14,63,34.45849734692447,0.6337442630528506,20,10,cases_std_14
14,70,33.59767653502737,0.651814841463662,20,10,cases_diff_14
14,77,33.45983347334378,0.6546660179455683,20,10,cases_diff_14
14,84,32.52015455101042,0.6737902270647353,20,10,cases_diff_14
14,91,34.089002120555094,0.6415568023522458,20,10,cases_diff_14
14,98,33.791010982706936,0.6477961190766158,20,10,cases_std_14
14,105,32.31214041945957,0.677950061075881,20,10,cases_std_14
14,112,31.613820055895143,0.6917197374956818,20,10,cases_std_7
14,119,30.674408383434073,0.709768760455704,20,10,cases_std_7
14,126,33.07944128229726,0.6624733279098891,20,10,cases_std_7
14,133,35.81228630898086,0.6044003834727574,20,10,cases_diff_14
14,140,31.438981912646483,0.6951201557786306,20,10,cases_std_14
14,147,31.57755194209385,0.6924266644167646,20,10,cases_std_14
14,154,31.33095312948006,0.697211776470815,20,10,cases_std_7
14,161,36.45718836197822,0.5900243053728906,20,10,cases_diff_14
14,168,32.05920357673621,0.6829722892043519,20,10,cases_std_7
14,175,32.250360583203346,0.6791803832876289,20,10,cases_std_14
14,182,32.100231857881475,0.6821603273574408,20,10,cases_diff_14
14,189,32.41338318134836,0.675928758531557,20,10,cases_diff_14
14,196,31.157695570025595,0.7005513044925924,20,10,cases_diff_14
14,203,35.9083689912893,0.6022747854679016,20,10,cases_diff_14
14,210,31.405415013763033,0.6957708389121201,20,10,cases_std_28
14,217,34.013642164992625,0.6431398587047825,20,10,cases_std_7
14,224,35.204213942514635,0.6177204471145326,20,10,cases_std_7
14,231,32.30274035950602,0.6781374116106343,20,10,cases_diff_14
14,238,31.302548733349443,0.6977605384589263,20,10,cases_diff_14
14,245,34.99137028278722,0.6223289756068078,20,10,cases_std_7
21,42,35.17935576538067,0.6209000171073762,20,10,cases_std_14
21,49,36.67196944395218,0.5880481391628247,20,10,cases_diff_14
21,56,34.45570025801368,0.6363361248685164,20,10,cases_diff_14
21,63,34.77123823272462,0.6296449133283899,20,10,cases_std_14
21,70,34.583835252110596,0.6336262850823356,20,10,cases_std_7
21,77,34.01934631006235,0.6454888252704656,20,10,cases_std_14
21,84,34.85075525231426,0.6279490746014719,20,10,cases_diff_14
21,91,34.994146705481306,0.624881211479736,20,10,cases_std_7
21,98,32.85895533396887,0.6692609269606371,20,10,cases_std_14
21,105,31.529777081398706,0.6954772091550022,20,10,cases_std_7
21,112,35.059254475177944,0.6234840710987775,20,10,cases_std_7
21,119,33.28058335188163,0.6607187488013138,20,10,cases_diff_14
21,126,35.28057074076443,0.618715452162031,20,10,cases_std_14
21,133,33.869616742108875,0.6486025824896512,20,10,cases_std_14
21,140,33.10840818183849,0.6642201719046579,20,10,cases_std_14
21,147,32.852391854311044,0.6693930420781451,20,10,cases_std_14
21,154,35.83698021298379,0.6065941491463557,20,10,cases_diff_14
21,161,33.59590037935726,0.6542592495085928,20,10,rain_diff
21,168,37.50973425307567,0.5690112089553708,20,10,cases_diff_14
21,175,38.92985334777875,0.5357589538987098,20,10,cases_diff_14
21,182,28.750136880239648,0.746803420592522,20,10,cases_diff_14
21,189,37.77068867468149,0.5629935896269276,20,10,cases_diff_14
21,196,32.0565280813619,0.6852172186350962,20,10,cases_std_7
21,203,36.2278398444039,0.5979659109598772,20,10,cases_std_14
21,210,30.985002732705926,0.70590944404077,20,10,cases_std_7
21,217,34.00137584185952,0.6458632621622853,20,10,cases_std_7
21,224,31.630363981527918,0.6935311209680564,20,10,cases_std_14
21,231,34.30633106906311,0.6394823349729835,20,10,cases_std_7
21,238,38.348801466773686,0.5495136964464091,20,10,cases_diff_14
21,245,32.538192230131955,0.675686638331576,20,10,cases_std_7
28,42,39.51391706549248,0.5249728880714799,20,10,cases_std_28
28,49,37.14490665945477,0.5802248048398204,20,10,cases_diff_14
28,56,38.90514233375639,0.5394972303976604,20,10,cases_std_7
28,63,36.88277687442073,0.5861285657415709,20,10,cases_std_14
28,70,37.76792748712646,0.5660251750139464,20,10,cases_std_14
28,77,37.185888756211575,0.5792980151707738,20,10,cases_diff_14
28,84,36.490986260444906,0.5948746377846792,20,10,cases_std_28
28,91,34.78264904266947,0.6319188823299129,20,10,cases_std_7
28,98,35.54192288491931,0.6156737308624756,20,10,cases_std_7
28,105,33.432024861876904,0.6599493638070102,20,10,cases_std_14
28,112,37.97574849036772,0.5612360734770587,20,10,cases_std_7
28,119,34.071482241957966,0.6468165988850165,20,10,cases_std_14
28,126,43.39592611430445,0.4270507547120368,20,10,cases_diff_14
28,133,37.20290036940349,0.5789130058725005,20,10,cases_std_14
28,140,38.48414376028563,0.5494096503709966,20,10,cases_std_28
28,147,38.36258248071531,0.5522517471547423,20,10,cases_diff_14
28,154,35.145169191560626,0.6242062903305647,20,10,cases_std_14
28,161,37.878276753621506,0.5634855194445754,20,10,cases_std_14
28,168,37.23781363413244,0.5781222922498822,20,10,cases_std_14
28,175,39.09593394678284,0.5349695255898965,20,10,cases_std_7
28,182,37.727755114869105,0.5669478905310595,20,10,cases_std_28
28,189,38.88631807330256,0.5399427512926958,20,10,cases_std_28
28,196,38.14347565754799,0.5573517445901872,20,10,cases_std_7
28,203,34.05192339418947,0.6472219747114983,20,10,cases_std_7
28,210,40.65380108492472,0.49717073584820004,20,10,cases_std_28
28,217,36.19169498539372,0.6014928886621089,20,10,cases_std_7
28,224,37.28865526883234,0.576969507347536,20,10,cases_std_14
28,231,36.402623203214304,0.596834287363765,20,10,cases_std_14
28,238,36.98000535400364,0.5839436364526935,20,10,cases_std_7
28,245,31.85135252482252,0.6913445235102607,20,10,cases_std_14
