strategy,fold,seed,horizon,n_train,n_test,rmse,mae,r2,bias,bias_sq_share,err_var,pred_mean,actual_mean,pred_sd,actual_sd,scale_ratio,var_y,n
S3 rolling-origin expanding,1,42,1,572,572,20.98556232590252,18.291616957389625,-0.23631015560936386,12.877040908296058,0.3765224958066247,274.57564358040906,49.95248193674154,37.07544102844548,15.410280414523326,18.873693264772005,0.8164952242435144,356.2162974527002,572
S3 rolling-origin expanding,1,49,1,572,572,18.964346102825687,15.817170691661183,-0.009629333861444378,8.701370868058738,0.21052303072903172,283.9325681242585,45.77681189650422,37.07544102844548,13.682665797071504,18.873693264772005,0.7249596358869718,356.2162974527002,572
S3 rolling-origin expanding,1,56,1,572,572,22.029488130994054,18.283392899286014,-0.3623698600652816,13.184380679940277,0.3581876898526752,311.4704534000254,50.25982170838576,37.07544102844548,18.869856608899163,18.873693264772005,0.9997967193903695,356.2162974527002,572
S3 rolling-origin expanding,1,63,1,572,572,23.500705192634403,20.75561721151477,-0.5504151508521251,16.644764191863686,0.501641554221119,275.2349695483661,53.72020522030917,37.07544102844548,16.8854777336326,18.873693264772005,0.8946567848037229,356.2162974527002,572
S3 rolling-origin expanding,1,70,1,572,572,19.794900872291002,16.47646105682885,-0.10000048663089833,10.631122137525965,0.28843738714059347,278.81734264083246,47.70656316597145,37.07544102844548,14.967455709242847,18.873693264772005,0.7930326883705268,356.2162974527002,572
S3 rolling-origin expanding,2,42,1,1173,572,14.3479185246163,12.761743425012947,-1.267482298463272,11.39382403666204,0.6306105213088264,76.04353981060999,23.964753107591108,12.57092907092907,5.997955663392691,9.528333494504475,0.6294863279976556,90.78913918249584,572
S3 rolling-origin expanding,2,49,1,1173,572,14.016310162835014,12.356738280344915,-1.163881631104494,11.143863098961967,0.6321267046102061,72.27126581238583,23.714792169891037,12.57092907092907,6.85862326349307,9.528333494504475,0.7198135190638345,90.78913918249584,572
S3 rolling-origin expanding,2,56,1,1173,572,13.919204503465327,12.368396210265566,-1.134002544289387,11.76554370712448,0.7144883828018935,55.316235285032995,24.33647277805355,12.57092907092907,6.740645790528472,9.528333494504475,0.7074317659448193,90.78913918249584,572
S3 rolling-origin expanding,2,63,1,1173,572,12.817008875295476,10.81885453918716,-0.8094203556572035,9.590218070027353,0.5598653567608378,72.30343387872382,22.161147140956427,12.57092907092907,7.7855498103158345,9.528333494504475,0.8170945963222424,90.78913918249584,572
S3 rolling-origin expanding,2,70,1,1173,572,12.858317470663797,10.998754332234693,-0.8211024982188035,9.065335500014056,0.497049309333558,83.1560204485628,21.636264570943126,12.57092907092907,6.142129951482772,9.528333494504475,0.6446174407125111,90.78913918249584,572
S3 rolling-origin expanding,3,42,1,1774,572,8.775216973783353,6.3018451128210815,0.8754702343195939,-2.1375271262346085,0.05933453492383113,72.43541072158669,23.345240106532625,25.482767232767234,24.304297144736044,24.866878825072437,0.9773762648584123,618.3616625008359,572
S3 rolling-origin expanding,3,49,1,1774,572,7.855239102061655,5.429558266888369,0.9002124725827825,-4.0767918809667805,0.2693507970848073,45.08454930984174,21.405975351800453,25.482767232767234,23.21980082131122,24.866878825072437,0.9337641842650344,618.3616625008359,572
S3 rolling-origin expanding,3,56,1,1774,572,9.006807419923108,6.458715317847131,0.8688104634891198,-2.8438774465204593,0.0996965202640135,73.03494096875423,22.63888978624677,25.482767232767234,23.31478295251717,24.866878825072437,0.9375838084275241,618.3616625008359,572
S3 rolling-origin expanding,3,63,1,1774,572,9.41819609551643,6.929976605273388,0.8565525273108583,-2.0617309276397893,0.0479212915331064,84.45168327561453,23.421036305127444,25.482767232767234,23.975443264466602,24.866878825072437,0.9641516908142477,618.3616625008359,572
S3 rolling-origin expanding,3,70,1,1774,572,10.348269859657456,7.353957293929158,0.8268219141283679,-4.1547865489503355,0.16119885126997988,89.82443782095633,21.327980683816897,25.482767232767234,20.64219038242326,24.866878825072437,0.8301078123890012,618.3616625008359,572
S3 rolling-origin expanding,4,42,1,2375,572,43.64427484295822,23.479270184790337,0.514168712572502,-22.091749348959606,0.2562156480444101,1416.7773372704187,49.398010890800634,71.48976023976023,29.048284800280538,62.61588772545521,0.4639123688167652,3920.749395646812,572
S3 rolling-origin expanding,4,49,1,2375,572,47.018614736343885,25.015317363338877,0.4361409239317058,-22.43660807538104,0.22770614132476436,1707.3487497964807,49.0531521643792,71.48976023976023,26.64849282602128,62.61588772545521,0.42558676070942103,3920.749395646812,572
S3 rolling-origin expanding,4,56,1,2375,572,46.14828796348866,24.042912359599708,0.45682208500098787,-22.193158202357107,0.23127411625952707,1637.128210966222,49.29660203740313,71.48976023976023,27.75119385000957,62.61588772545521,0.4431973235241364,3920.749395646812,572
S3 rolling-origin expanding,4,63,1,2375,572,49.59116477308649,27.099189142842636,0.3727516412342129,-25.713249007424157,0.2688470610652918,1798.1124490336153,45.776511232336084,71.48976023976023,24.614929191768912,62.61588772545521,0.3931099611602602,3920.749395646812,572
S3 rolling-origin expanding,4,70,1,2375,572,50.267475598751744,26.9166157464762,0.35552649555296323,-23.733369136309175,0.2229177426574422,1963.5462925107897,47.756391103451065,71.48976023976023,23.28956881839019,62.61588772545521,0.3719434422219697,3920.749395646812,572
S3 rolling-origin expanding,5,42,1,2976,572,33.279462778056256,18.76564865036087,0.6900375049520433,-17.911276730624113,0.2896679686034012,786.7088086750351,42.2478141784668,60.15909090909091,36.624774613403765,59.77529566349473,0.6127075442601418,3573.0859716582117,572
S3 rolling-origin expanding,5,49,1,2976,572,34.84565240871445,19.818362575608653,0.6601762450105706,-19.197644005705428,0.3035279353214813,845.6699564191498,40.961446903385486,60.15909090909091,35.15825443591248,59.77529566349473,0.588173660132708,3573.0859716582117,572
S3 rolling-origin expanding,5,56,1,2976,572,32.82606921296202,18.51515188643506,0.6984257226046819,-17.57265655227474,0.28657419453460736,768.7525616699689,42.58643435681616,60.15909090909091,35.65745499249239,59.77529566349473,0.5965249455766171,3573.0859716582117,572
S3 rolling-origin expanding,5,63,1,2976,572,30.840968615016564,17.557011992781312,0.7337972406325796,-16.826941313443484,0.2976832108329185,668.0193911463655,43.33214959564742,60.15909090909091,38.8358818085471,59.77529566349473,0.6496978622602531,3573.0859716582117,572
S3 rolling-origin expanding,5,70,1,2976,572,35.003163801240596,20.462452477270308,0.6570971183411312,-19.006765848273165,0.29485048626639965,863.964328085397,41.152325060817745,60.15909090909091,36.59008952088974,59.77529566349473,0.6121272862768224,3573.0859716582117,572
S3 rolling-origin expanding,1,42,7,566,566,23.38442310407694,20.147725703933165,-0.5207986524777541,15.573890635500938,0.44354830165162795,304.28517438394357,52.716019468678184,37.14212883317725,18.224977454494162,18.962290724331563,0.9611168671255887,359.56846951407084,566
S3 rolling-origin expanding,1,49,7,566,566,23.726771691709487,20.22430172694832,-0.5656536727797723,13.07155246196828,0.30351281860977875,392.0942111445177,50.21368129514553,37.14212883317725,17.47908248009083,18.962290724331563,0.9217811673809249,359.56846951407084,566
S3 rolling-origin expanding,1,56,7,566,566,22.20344804881877,18.952435578451695,-0.3710687867677507,13.077741582500206,0.346916261252048,321.96578035793914,50.21987041567745,37.14212883317725,14.868686499353942,18.962290724331563,0.784118686687738,359.56846951407084,566
S3 rolling-origin expanding,1,63,7,566,566,21.227227462313557,17.5101370387956,-0.25315544587584005,11.603911288649359,0.2988286636366685,315.9444285419549,48.7460401218266,37.14212883317725,15.790384558564416,18.962290724331563,0.8327255808974019,359.56846951407084,566
S3 rolling-origin expanding,1,70,7,566,566,23.264741112567158,19.636383400140552,-0.5052715266336558,14.737198516266496,0.4012669760758573,324.0631589269252,51.87932734944374,37.14212883317725,17.878759284761543,18.962290724331563,0.9428586210747375,359.56846951407084,566
S3 rolling-origin expanding,2,42,7,1167,566,15.541458580812458,14.347007653738501,-1.7733877530961375,12.687107055852776,0.6664102348041171,80.57424937243995,25.036930377407547,12.349823321554771,5.455953775663433,9.332252451776691,0.5846341817108386,87.09093582369205,566
S3 rolling-origin expanding,2,49,7,1167,566,12.096077045267508,11.087057835041184,-0.6800264976053254,7.135963269762775,0.34802955257523893,95.39310809764415,19.485786591317545,12.349823321554771,2.524632293993488,9.332252451776691,0.2705276466790013,87.09093582369205,566
S3 rolling-origin expanding,2,56,7,1167,566,15.153995508364444,13.303459730730822,-1.636825264255088,12.14188068915593,0.641974257476478,82.21831319783202,24.4917040107107,12.349823321554771,6.965881640284161,9.332252451776691,0.7464309046802505,87.09093582369205,566
S3 rolling-origin expanding,2,63,7,1167,566,13.894365093360143,12.213113006589873,-1.2166874143872382,10.904477292994308,0.6159313253329664,74.14575631415636,23.254300614549077,12.349823321554771,7.129876816314673,9.332252451776691,0.7640038514986031,87.09093582369205,566
S3 rolling-origin expanding,2,70,7,1167,566,14.265150938222819,12.568407603191165,-1.336575320561903,10.333262362665506,0.5247134179904128,96.71822023459985,22.683085684220277,12.349823321554771,5.946285761608555,9.332252451776691,0.6371758364162653,87.09093582369205,566
S3 rolling-origin expanding,3,42,7,1768,566,10.501935028787605,8.034677257145491,0.8222704825253392,-3.1136805731380064,0.0879041663805154,100.59563263733908,22.58293729662474,25.696617869762743,21.803221811968072,24.910907336885042,0.8752479994851297,620.553304346873,566
S3 rolling-origin expanding,3,49,7,1768,566,8.833657041612849,6.543277801497304,0.8742517424655956,0.6208114259354942,0.004938992134510351,77.64808990226425,26.31742929569824,25.696617869762743,25.1592142730004,24.910907336885042,1.0099677997576466,620.553304346873,566
S3 rolling-origin expanding,3,56,7,1768,566,9.924042460777807,6.933182780818468,0.8412922498785544,-4.761396602510744,0.2301926687206377,75.81572115691999,20.935221267252,25.696617869762743,22.78184046322499,24.910907336885042,0.9145327448387403,620.553304346873,566
S3 rolling-origin expanding,3,63,7,1768,566,9.843373319589714,7.155770375655192,0.8438619251076447,-3.7789544728836106,0.1473857197434691,82.61150140068358,21.917663396879135,25.696617869762743,21.741343242296306,24.910907336885042,0.872764004469013,620.553304346873,566
S3 rolling-origin expanding,3,70,7,1768,566,10.778519153591962,7.4466990106699145,0.8127856634868402,-1.064474036150782,0.009753308251358618,115.04337017070965,24.632143833611963,25.696617869762743,23.608155575297193,24.910907336885042,0.9477035603733753,620.553304346873,566
S3 rolling-origin expanding,4,42,7,2369,566,45.550658664180965,26.7347023482277,0.47430603876486477,-22.08627355453765,0.23510159271340506,1587.059025214855,49.80544779831445,71.8917213528521,28.411174287655445,62.82437361118185,0.4522317160452939,3946.9019196373624,566
S3 rolling-origin expanding,4,49,7,2369,566,48.87468818546414,28.63600022187443,0.39478223835726256,-26.729200639248138,0.2990914117209442,1674.2849784131654,45.16252071360396,71.8917213528521,24.601405887254078,62.82437361118185,0.39159015001902664,3946.9019196373624,566
S3 rolling-origin expanding,4,56,7,2369,566,55.5128600475511,35.541118563695846,0.21921606024044882,-35.04699289901037,0.3985789100856152,1853.3859193957123,36.84472845384173,71.8917213528521,24.544786634908537,62.82437361118185,0.3906889193486509,3946.9019196373624,566
S3 rolling-origin expanding,4,63,7,2369,566,48.7211434324249,26.89473974193244,0.398578970115118,-25.194706101058898,0.26741369746535704,1738.9766018441862,46.697015251793204,71.8917213528521,24.345684343852668,62.82437361118185,0.3875197307103669,3946.9019196373624,566
S3 rolling-origin expanding,4,70,7,2369,566,47.59953618254525,26.623385491363937,0.4259508113133943,-24.60605159556848,0.2672258202700515,1660.2580696696564,47.28566975728362,71.8917213528521,28.468701614175515,62.82437361118185,0.45314740088564115,3946.9019196373624,566
S3 rolling-origin expanding,5,42,7,2970,566,32.333622148666706,18.75504730889317,0.708954525998621,-16.811080244290356,0.27032270506234857,762.850702272781,43.79265524283736,60.60373548712772,38.3250019118827,59.93409250442012,0.6394524436831381,3592.0954443283886,566
S3 rolling-origin expanding,5,49,7,2970,566,34.24150311649609,20.80277782200202,0.6735942700163333,-17.89472660177107,0.27311433359295095,852.2592955248783,42.709008885356646,60.60373548712772,36.86702091942313,59.93409250442012,0.6151260389352554,3592.0954443283886,566
S3 rolling-origin expanding,5,56,7,2970,566,36.382229403063626,23.430718108131572,0.6315057222582702,-21.966485522315097,0.36453777729722214,841.140130135069,38.63724996481262,60.60373548712772,36.575656965106454,59.93409250442012,0.6102646329784506,3592.0954443283886,566
S3 rolling-origin expanding,5,63,7,2970,566,39.68827535963907,24.80434462889946,0.5614929432040635,-22.71973588775349,0.32770427171690664,1058.97280221326,37.88399959937423,60.60373548712772,33.204512799406814,59.93409250442012,0.5540171113287148,3592.0954443283886,566
S3 rolling-origin expanding,5,70,7,2970,566,38.225678945429614,25.34917206851651,0.5932172311439623,-20.5090635277856,0.28785994953431504,1040.5808440523158,40.094671959342115,60.60373548712772,41.60560621042644,59.93409250442012,0.6941893081530855,3592.0954443283886,566
S3 rolling-origin expanding,1,42,14,559,559,25.33168661011818,21.867275279492887,-0.7649950955326261,15.185656870254839,0.35936762702390385,411.0901719321225,52.40672839988749,37.22107152963265,16.61254927214342,19.067438533989364,0.8712522787227087,363.56721224746246,559
S3 rolling-origin expanding,1,49,14,559,559,23.547987935091196,20.44498871695617,-0.5251863124933667,14.350542403132154,0.3713889887762356,348.56966852710644,51.571613932764805,37.22107152963265,15.446979988924086,19.067438533989364,0.8101234972588743,363.56721224746246,559
S3 rolling-origin expanding,1,56,14,559,559,22.817158684106715,20.114107495610934,-0.4319848239267079,13.934982085111692,0.37298357211052247,326.4390047033227,51.156053614744344,37.22107152963265,15.069845888559302,19.067438533989364,0.7903445374529984,363.56721224746246,559
S3 rolling-origin expanding,1,63,14,559,559,24.265377016623997,20.66240553805843,-0.6195314151654876,14.467336726584197,0.35547011333180795,379.50468979853207,51.68840825621685,37.22107152963265,18.464080303474883,19.067438533989364,0.9683566185652602,363.56721224746246,559
S3 rolling-origin expanding,1,70,14,559,559,23.010211531452622,19.4617826718907,-0.45631898830802964,12.912623346012854,0.3149109368307639,362.733993046199,50.13369487564551,37.22107152963265,16.586444231082485,19.067438533989364,0.8698831886367804,363.56721224746246,559
S3 rolling-origin expanding,2,42,14,1160,559,21.85872497312101,19.34334505082639,-4.851158408379406,16.033068918919824,0.5380017238254302,220.7445584917112,28.09900298485389,12.065934065934066,8.844111344479787,9.036575841237001,0.9787016121882215,81.65970293442822,559
S3 rolling-origin expanding,2,49,14,1160,559,18.841991520484783,16.832026636877725,-3.347562282256866,15.303823564170177,0.659699708564256,120.81362877477002,27.369757630104242,12.065934065934066,7.4160020342357695,9.036575841237001,0.8206650577084744,81.65970293442822,559
S3 rolling-origin expanding,2,56,14,1160,559,17.615416952363677,14.809129264815944,-2.7999515459270197,13.367610142476531,0.5758663313347343,131.6099134843802,25.433544208410602,12.065934065934066,9.274038368059223,9.036575841237001,1.026277932149764,81.65970293442822,559
S3 rolling-origin expanding,2,63,14,1160,559,13.702311567990243,12.381361549722548,-1.299216572671627,11.012407256062305,0.6459172022383637,66.48022873290547,23.078341321996373,12.065934065934066,4.734852926174302,9.036575841237001,0.5239653834993052,81.65970293442822,559
S3 rolling-origin expanding,2,70,14,1160,559,19.158140999731486,16.565267151467733,-3.494681628468779,14.635793038594153,0.5836141173180314,152.8279286970315,26.70172710452822,12.065934065934066,8.043333073865304,9.036575841237001,0.8900863795289373,81.65970293442822,559
S3 rolling-origin expanding,3,42,14,1761,559,12.90579646530043,8.866664981768922,0.7329865017103976,-3.413479345825179,0.06995599458294502,154.90774115938592,22.519819913055475,25.93329925888066,25.298276742410483,24.975730717754075,1.0129143778935414,623.7871248857645,559
S3 rolling-origin expanding,3,49,14,1761,559,11.227230719750287,7.952961987343828,0.7979267211429084,-4.031184309893119,0.12891991633722735,109.80026269417608,21.902114948987535,25.93329925888066,24.73775893496163,24.975730717754075,0.9904718790620495,623.7871248857645,559
S3 rolling-origin expanding,3,56,14,1761,559,11.786053370083826,8.186045416718153,0.777310161590938,-2.8141479703004846,0.057010789050131426,130.99162524371792,23.11915128858017,25.93329925888066,24.238395072595534,24.975730717754075,0.9704779150011253,623.7871248857645,559
S3 rolling-origin expanding,3,63,14,1761,559,12.898082930537536,8.990565453165484,0.7333055835137833,-4.785165628691083,0.13763966889102563,143.46273318901726,21.148133630189573,25.93329925888066,21.571046055702002,24.975730717754075,0.8636802782457995,623.7871248857645,559
S3 rolling-origin expanding,3,70,14,1761,559,10.494871239132879,7.413287926171095,0.8234296317896124,-2.792040897579471,0.07077653901907704,102.3468299522221,23.141258361301183,25.93329925888066,23.54147620825583,24.975730717754075,0.9425740721780483,623.7871248857645,559
S3 rolling-origin expanding,4,42,14,2362,559,46.68034875997521,25.649816612742793,0.4522912343327208,-23.16151005296247,0.2461872498372401,1642.599412419438,49.199849517699434,72.36135957066189,25.96598301180723,63.07528860439581,0.41166649549024215,3978.4920325278235,559
S3 rolling-origin expanding,4,49,14,2362,559,49.846320551727395,29.609059404845503,0.3754780323219903,-25.91036055723542,0.2701971108608936,1813.3088883396197,46.450999013426475,72.36135957066189,23.729944613171924,63.07528860439581,0.3762161876421149,3978.4920325278235,559
S3 rolling-origin expanding,4,56,14,2362,559,52.87159353755566,30.458185828374898,0.29737061671972864,-26.972386288514933,0.26025191954767374,2067.8957811036294,45.388973282146964,72.36135957066189,24.235399576062413,63.07528860439581,0.3842297056786422,3978.4920325278235,559
S3 rolling-origin expanding,4,63,14,2362,559,50.6987063937047,27.988015594063228,0.3539364138522758,-23.989858755272063,0.22390388313954074,1994.8455068971703,48.37150081538984,72.36135957066189,22.95336124520576,63.07528860439581,0.36390418106792627,3978.4920325278235,559
S3 rolling-origin expanding,4,70,14,2362,559,47.10683149487887,28.069730090266326,0.4422375223214946,-23.602780160409182,0.25104902286122793,1661.9623421863062,48.758579410252715,72.36135957066189,28.815083596623214,63.07528860439581,0.4568363337558324,3978.4920325278235,559
S3 rolling-origin expanding,5,42,14,2963,559,34.969172738241525,21.778739559446304,0.6617871375401557,-19.05537107704912,0.29693685486492605,859.7358751129339,42.063719135064346,61.11909021211348,36.0834712488488,60.12987462799653,0.6000922415369265,3615.6018227785803,559
S3 rolling-origin expanding,5,49,14,2963,559,37.80165822161066,25.75923817928101,0.6047780053376262,-25.120444666814304,0.44160394367995887,797.9286240449856,35.99864554529916,61.11909021211348,39.908265807779124,60.12987462799653,0.6637011311711233,3615.6018227785803,559
S3 rolling-origin expanding,5,56,14,2963,559,40.138951724660245,25.138620582636502,0.5543935630842082,-23.566413502954564,0.3447108354077957,1055.7596001623663,37.5526767091589,61.11909021211348,33.90917066028901,60.12987462799653,0.5639321696589878,3615.6018227785803,559
S3 rolling-origin expanding,5,63,14,2963,559,34.288717729794456,21.006591711024814,0.6748214484940198,-17.924218574509787,0.2732612015265337,854.4385520467189,43.194871637603676,61.11909021211348,36.3891085192928,60.12987462799653,0.6051751936025157,3615.6018227785803,559
S3 rolling-origin expanding,5,70,14,2963,559,35.026231512583195,21.50654049861653,0.6606825214425145,-19.532087418236696,0.3109642698127177,845.3344550594361,41.58700279387677,61.11909021211348,36.69797379379173,60.12987462799653,0.6103118295328213,3615.6018227785803,559
S3 rolling-origin expanding,1,42,21,552,552,25.38351043396577,22.14026415228067,-0.755949362236608,15.950250829144961,0.39484956874427435,389.91210043860974,53.29476695129837,37.34451612215341,17.54875058232042,19.15559689134071,0.916116092955231,366.93689226354184,552
S3 rolling-origin expanding,1,49,21,552,552,23.67014348511567,20.8003749141877,-0.5268993236132873,14.42736720660229,0.3715116098397868,352.12676809182057,51.7718833287557,37.34451612215341,16.727060314874713,19.15559689134071,0.8732205219058552,366.93689226354184,552
S3 rolling-origin expanding,1,56,21,552,552,27.830458083329614,24.316945780558477,-1.1108109145146399,16.97061040402957,0.3718383825860917,486.53277964261,54.31512652618298,37.34451612215341,17.21938214601531,19.15559689134071,0.8989217221312134,366.93689226354184,552
S3 rolling-origin expanding,1,63,21,552,552,25.293543039173592,22.36117911638397,-0.7435241126287062,17.18264931148148,0.4614885354850522,344.5198821131722,54.527165433634885,37.34451612215341,17.00206411183696,19.15559689134071,0.8875768376355188,366.93689226354184,552
S3 rolling-origin expanding,1,70,21,552,552,28.003671385386234,23.895493666246825,-1.1371675282447935,18.011121200148043,0.4136676431677722,459.80512417427747,55.35563732230145,37.34451612215341,19.891186327257785,19.15559689134071,1.0384007577571022,366.93689226354184,552
S3 rolling-origin expanding,2,42,21,1153,552,19.508573636210823,17.70697246130949,-3.91743948355331,15.802112731874358,0.656113958050134,130.87767852859432,27.61086014388264,11.808747412008284,6.225206467135452,8.797433754626867,0.7076161799867383,77.39484066704817,552
S3 rolling-origin expanding,2,49,21,1153,552,16.254465105333864,13.90265413174718,-2.4137629018080786,11.43527082997079,0.4949342910884534,133.44221690573536,23.244018241979074,11.808747412008284,7.335246136468218,8.797433754626867,0.8337938472807896,77.39484066704817,552
S3 rolling-origin expanding,2,56,21,1153,552,17.591628907403518,15.24459526948554,-2.99852761435497,12.538909726014543,0.5080511528847123,152.24115049865307,24.347657138022825,11.808747412008284,7.834817422266156,8.797433754626867,0.8905798714478027,77.39484066704817,552
S3 rolling-origin expanding,2,63,21,1153,552,15.34576627191897,13.383807997525848,-2.0427421316810053,10.24707343835021,0.4458846677204822,130.49002842142346,22.055820850358494,11.808747412008284,6.201535584296239,8.797433754626867,0.7049255222904796,77.39484066704817,552
S3 rolling-origin expanding,2,70,21,1153,552,19.764006520291545,17.171461712499582,-4.047054175284792,15.216071899880038,0.5927275674457202,159.08710967180772,27.024819311888322,11.808747412008284,8.617813057071517,8.797433754626867,0.9795826029993256,77.39484066704817,552
S3 rolling-origin expanding,3,42,21,1754,552,16.573213518731446,10.48429874906135,0.5615857541301956,-4.612975983701137,0.07747274355911409,253.39185891125922,21.574912215056628,26.18788819875776,21.831151534537653,25.030204433652916,0.8721922984051157,626.5111339904581,552
S3 rolling-origin expanding,3,49,21,1754,552,20.4132397831165,13.659806606438835,0.33488754495246276,-0.6690363553246605,0.0010741762892131578,416.25274879826407,25.518851843433104,26.18788819875776,24.374062146683872,25.030204433652916,0.9737859797067072,626.5111339904581,552
S3 rolling-origin expanding,3,56,21,1754,552,14.138387543219848,10.433836598327195,0.6809410216717418,-1.801147467601373,0.01622926232082025,196.6498701222273,24.38674073115639,26.18788819875776,18.75335608650143,25.030204433652916,0.7492290419045754,626.5111339904581,552
S3 rolling-origin expanding,3,63,21,1754,552,14.974041373645342,10.131693829907642,0.6421102468977711,-3.72639779052379,0.061929898732364895,210.33587456642192,22.461490408233974,26.18788819875776,19.79361383664326,25.030204433652916,0.7907891399412983,626.5111339904581,552
S3 rolling-origin expanding,3,70,21,1754,552,14.103438206995968,10.032104219462314,0.6825164654430818,-3.71867050961678,0.06952250296025687,185.07845889946012,22.469217689140983,26.18788819875776,22.53683384067602,25.030204433652916,0.9003855282290633,626.5111339904581,552
S3 rolling-origin expanding,4,42,21,2355,552,52.04246619324856,31.183386818469195,0.32545617275070104,-26.306352099029674,0.25550859849021884,2016.3941267172956,46.4659046297488,72.77225672877847,23.341355909731302,63.36548780810088,0.3683607073367666,4015.1850451585815,552
S3 rolling-origin expanding,4,49,21,2355,552,49.56823438760709,30.829966431572334,0.38807057889713936,-24.041791323549266,0.23524843729092557,1879.0021302596658,48.73046540522921,72.77225672877847,25.46781411015005,63.36548780810088,0.40191932534754593,4015.1850451585815,552
S3 rolling-origin expanding,4,56,21,2355,552,51.082612465185264,30.997049671028968,0.35010883261415426,-29.023778570117916,0.32282094495073194,1767.0535737810646,43.748478158660554,72.77225672877847,25.3089778522543,63.36548780810088,0.39941265707448254,4015.1850451585815,552
S3 rolling-origin expanding,4,63,21,2355,552,50.505061177748644,30.24582524502006,0.36472138248179053,-27.788242233219112,0.30272783082523025,1778.5747981560708,44.98401449555936,72.77225672877847,26.945179111308402,63.36548780810088,0.4252343040885362,4015.1850451585815,552
S3 rolling-origin expanding,4,70,21,2355,552,47.50375038283816,27.90828473227365,0.4379819920987299,-23.7420613750908,0.2497934523314585,1692.9208220964192,49.030195353687674,72.77225672877847,25.700731731265286,63.36548780810088,0.40559510579479213,4015.1850451585815,552
S3 rolling-origin expanding,5,42,21,2956,552,40.60171428678649,26.42573748618426,0.5469219995283667,-24.358116945926692,0.35991395086051503,1055.1813418744007,37.297680155522585,61.655797101449274,34.290557133636646,60.31952086530477,0.5684819216354263,3638.4445974199375,552
S3 rolling-origin expanding,5,49,21,2956,552,37.61224393096448,23.77434439701076,0.6111852590731928,-21.60606765833454,0.32998407046708766,947.8587338658448,40.049729443114735,61.655797101449274,33.975681934189446,60.31952086530477,0.5632618006044532,3638.4445974199375,552
S3 rolling-origin expanding,5,56,21,2956,552,35.80782599208278,22.770566589929793,0.6475965572793103,-17.787442616146542,0.2467579282148686,965.8072874565736,43.86835448530273,61.655797101449274,36.87777325255226,60.31952086530477,0.6113737762423775,3638.4445974199375,552
S3 rolling-origin expanding,5,63,21,2956,552,40.650245179236556,27.6333622393771,0.5458382314509307,-18.698080389827922,0.2115766354424825,1302.8242228675776,42.95771671162135,61.655797101449274,34.534561182480736,60.31952086530477,0.5725271137281976,3638.4445974199375,552
S3 rolling-origin expanding,5,70,21,2956,552,37.72769094313837,24.49620089891288,0.6087947402276515,-23.70402393306511,0.39475142129741647,861.4979132816412,37.951773168384165,61.655797101449274,34.896322028756344,60.31952086530477,0.5785245228767788,3638.4445974199375,552
S3 rolling-origin expanding,1,42,28,545,545,25.265403338278627,22.793953860694934,-0.7244554136582184,16.289166468252947,0.4156667174240677,373.0036616154444,53.77069424970434,37.4815277814514,16.808349913832085,19.239786600386108,0.8736245501545621,370.1693884283968,545
S3 rolling-origin expanding,1,49,28,545,545,28.128425668163818,23.421954776828212,-1.1374223674426376,14.937681746080496,0.28201717212279737,568.0739946222307,52.4192095275319,37.4815277814514,20.514079516987664,19.239786600386108,1.0662321751830648,370.1693884283968,545
S3 rolling-origin expanding,1,56,28,545,545,25.18640197705779,22.32425321813793,-0.7136880152169744,15.615958046073334,0.3844191429951701,390.4966988532181,53.09748582752473,37.4815277814514,16.6940050239525,19.239786600386108,0.8676814026418298,370.1693884283968,545
S3 rolling-origin expanding,1,63,28,545,545,25.016466598707634,20.401937126523094,-0.6906411514503445,11.642514883522713,0.21659162834096926,490.2754482712067,49.124042664974105,37.4815277814514,19.55652455830817,19.239786600386108,1.0164626544202786,370.1693884283968,545
S3 rolling-origin expanding,1,70,28,545,545,25.989616897241916,23.0045730949525,-0.8247326969233144,16.58227853187958,0.40708833298928815,400.48822515656803,54.06380631333097,37.4815277814514,16.975619789132647,19.239786600386108,0.8823185070458098,370.1693884283968,545
S3 rolling-origin expanding,2,42,28,1146,545,13.941532751227347,12.294873545335443,-1.7769158325662144,10.867762965831032,0.6076580679770927,76.2580635720563,22.351380265962092,11.483617300131062,7.463127702526712,8.366217771288447,0.8920551564099851,69.99359979662263,545
S3 rolling-origin expanding,2,49,28,1146,545,21.480021949775654,19.17423487072066,-5.591907607316793,17.497439438206182,0.6635590189613687,155.23095606915078,28.981056738337244,11.483617300131062,8.123761001347503,8.366217771288447,0.9710195483109444,69.99359979662263,545
S3 rolling-origin expanding,2,56,28,1146,545,22.830442117425875,20.203422626880332,-6.446810691143847,18.94497993489237,0.6885883261204949,162.3168225436589,30.428597235023428,11.483617300131062,8.36767063251232,8.366217771288447,1.000173658069105,69.99359979662263,545
S3 rolling-origin expanding,2,63,28,1146,545,17.000844772145165,14.886730994528275,-3.1293593100854045,13.109792999327574,0.5946352691911994,117.1620504813573,24.593410299458636,11.483617300131062,7.203961600520541,8.366217771288447,0.8610774662408875,69.99359979662263,545
S3 rolling-origin expanding,2,70,28,1146,545,16.917083467611725,14.834268844424507,-3.0887697429722882,13.30670781566775,0.6187144479558059,109.11924015858885,24.79032511579881,11.483617300131062,6.773251000153884,8.366217771288447,0.8095953494539222,69.99359979662263,545
S3 rolling-origin expanding,3,42,28,1747,545,15.584144065775202,10.638000435160464,0.6138768313435445,-4.752363349569578,0.09299366564695863,220.28058885650427,21.70137190600054,26.453735255570116,20.48666210229671,25.079566392514785,0.8168666787002797,628.9846504365571,545
S3 rolling-origin expanding,3,49,28,1747,545,20.14140224752154,12.275640278812473,0.3550302313182053,-2.92803882396393,0.021133637604695343,397.10267314182573,23.52569643160619,26.453735255570116,24.761543921066057,25.079566392514785,0.9873194589383474,628.9846504365571,545
S3 rolling-origin expanding,3,56,28,1747,545,19.583761734194184,13.0691101575429,0.3902494704831073,-2.889869190606033,0.02177529947581758,375.17237972287444,23.563866064964085,26.453735255570116,24.962969803920753,25.079566392514785,0.9953509328363496,628.9846504365571,545
S3 rolling-origin expanding,3,63,28,1747,545,20.436927723427374,13.328826904046894,0.3359646940784564,-0.13700509052601523,4.494094392231938e-05,417.6492443777644,26.316730165044103,26.453735255570116,23.477789478383063,25.079566392514785,0.9361321926757957,628.9846504365571,545
S3 rolling-origin expanding,3,70,28,1747,545,22.312889212772145,14.468838188126389,0.2084623612422144,-2.1574822218358745,0.00934938046177752,493.2102954839057,24.296253033734242,26.453735255570116,22.646857736515138,25.079566392514785,0.9030003701848007,628.9846504365571,545
S3 rolling-origin expanding,4,42,28,2348,545,48.89097654025152,30.519820598162333,0.41078681359516567,-27.718235377465447,0.3214206189143048,1622.0270146188475,45.40889437351752,73.12712975098297,27.225766936026844,63.6931141012645,0.42745228146234304,4056.8127839166987,545
S3 rolling-origin expanding,4,49,28,2348,545,48.05998683263035,29.93588126871252,0.43064606197513144,-21.181143356713214,0.19423679537288183,1861.1215004549665,51.94598639426975,73.12712975098297,24.468203245228093,63.6931141012645,0.3841577475129659,4056.8127839166987,545
S3 rolling-origin expanding,4,56,28,2348,545,51.363576376749876,31.47852788702689,0.349682344556428,-26.797129711786074,0.272186164641182,1920.1308174199296,46.33000003919689,73.12712975098297,23.849986315566422,63.6931141012645,0.3744515659518197,4056.8127839166987,545
S3 rolling-origin expanding,4,63,28,2348,545,49.32685206542487,30.548216824762786,0.4002340102233638,-23.13762610224253,0.22002437511085218,1897.788593037134,49.98950364874044,73.12712975098297,25.900221494967013,63.6931141012645,0.4066408411714449,4056.8127839166987,545
S3 rolling-origin expanding,4,70,28,2348,545,50.24931073385034,30.667036419739734,0.377591877239831,-26.599558142815784,0.28021322402105175,1817.4567358340098,46.52757160816718,73.12712975098297,25.515150910404742,63.6931141012645,0.4005951235142731,4056.8127839166987,545
S3 rolling-origin expanding,5,42,28,2949,545,38.33119148589251,25.65265341351886,0.5985003616094811,-19.203745686836044,0.250996262103075,1100.4963923234843,43.02272875615216,62.22647444298819,39.485725955140765,60.49364311119465,0.6527252108549855,3659.4808568645876,545
S3 rolling-origin expanding,5,49,28,2949,545,40.76080237847858,26.52960749066204,0.5459894243138915,-23.18829284189257,0.32363248183123117,1123.7460856160185,39.03818160109564,62.22647444298819,33.115603124480195,60.49364311119465,0.5474228600120793,3659.4808568645876,545
S3 rolling-origin expanding,5,56,28,2949,545,40.55562926277729,26.36480265363641,0.5505485260799934,-22.686952344586935,0.3129320382963827,1130.0612582142792,39.53952209840127,62.22647444298819,32.013406998834725,60.49364311119465,0.529202827807712,3659.4808568645876,545
S3 rolling-origin expanding,5,63,28,2949,545,36.76642405362404,24.589018411123895,0.6306115565121196,-19.604765636924057,0.28432858651617904,967.4231020121865,42.62170880606415,62.22647444298819,37.101876649607334,60.49364311119465,0.6133186024424019,3659.4808568645876,545
S3 rolling-origin expanding,5,70,28,2949,545,40.330417849167056,26.377823616417803,0.5555264072942793,-20.973228602828083,0.2704363949489658,1186.6662858619268,41.253245840160126,62.22647444298819,33.38650844960445,60.49364311119465,0.5519011045216106,3659.4808568645876,545
