strategy,fold,seed,horizon,n_train,n_test,train_frac,rmse,mae,r2,bias,bias_sq_share,err_var,pred_mean,actual_mean,pred_sd,actual_sd,scale_ratio,var_y,n
S2 chronological 60/40,0,42,1,2137,1416,0.6,40.09474157644727,21.35293351492639,0.5051250124605968,-19.12050868134233,0.22741758680365093,1241.9944498488019,42.58449535417018,61.70500403551251,27.516298693303234,56.995381733028836,0.48278119834676947,3248.4735388936774,1416
S2 chronological 60/40,0,49,1,2137,1416,0.6,40.8024680653846,20.989414593642334,0.4875003966343774,-18.789803438026933,0.21206627441605366,1311.7846869870414,42.91520059748558,61.70500403551251,28.51981104029485,56.995381733028836,0.5003881046693229,3248.4735388936774,1416
S2 chronological 60/40,0,56,1,2137,1416,0.6,37.87293352171005,20.45725046044112,0.558451353730785,-17.6570477692036,0.2173593330485424,1122.5877576159317,44.04795626630891,61.70500403551251,29.085445876197756,56.995381733028836,0.5103123269256522,3248.4735388936774,1416
S2 chronological 60/40,0,63,1,2137,1416,0.6,41.09053962432852,21.40945207673374,0.4802382022192686,-18.611931009914148,0.2051630650735007,1342.0284707007083,43.093073025598365,61.70500403551251,26.101531190679218,56.995381733028836,0.4579587046708624,3248.4735388936774,1416
S2 chronological 60/40,0,70,1,2137,1416,0.6,36.82125965765176,20.500493741737824,0.5826331516808491,-17.00664628672927,0.21332417508256804,1066.5791448542902,44.69835774878324,61.70500403551251,31.37692976874315,56.995381733028836,0.5505170562014188,3248.4735388936774,1416
S2 chronological 60/40,0,77,1,2137,1416,0.6,38.139614132386534,19.828132661530045,0.5522111697228916,-16.94292037106022,0.19734401044111455,1167.5676154672512,44.76208366445229,61.70500403551251,29.33399127493404,56.995381733028836,0.5146731258391587,3248.4735388936774,1416
S2 chronological 60/40,0,84,1,2137,1416,0.6,39.044499774797714,21.59838114350529,0.5307109802767968,-19.950289097979148,0.2610830397394348,1126.4589275712333,41.754714937533365,61.70500403551251,28.509155866082136,56.995381733028836,0.5002011566414525,3248.4735388936774,1416
S2 chronological 60/40,0,91,1,2137,1416,0.6,40.795612035591944,21.722042677477546,0.48767261255717853,-19.676823293518115,0.2326392906453715,1277.1045864341975,42.0281807419944,61.70500403551251,27.277143776756226,56.995381733028836,0.47858515808394203,3248.4735388936774,1416
S2 chronological 60/40,0,98,1,2137,1416,0.6,39.017594682349795,20.308789723144606,0.5313575202109848,-18.06631451147617,0.21439672502224114,1195.9809747685565,43.638689524036344,61.70500403551251,28.633096389961228,56.995381733028836,0.5023757279858403,3248.4735388936774,1416
S2 chronological 60/40,0,105,1,2137,1416,0.6,38.85030565987219,20.6945901269678,0.5353675405404317,-17.556069548953626,0.204204686655009,1201.1306718578003,44.14893448655888,61.70500403551251,29.633228963723834,56.995381733028836,0.5199233352366753,3248.4735388936774,1416
S2 chronological 60/40,0,112,1,2137,1416,0.6,41.219475455083234,21.211540870314362,0.4769712184970275,-18.492646477749698,0.20127656547791906,1357.067183041181,43.212357557762815,61.70500403551251,26.53637880351665,56.995381733028836,0.46558822832023977,3248.4735388936774,1416
S2 chronological 60/40,0,119,1,2137,1416,0.6,37.64881256772373,20.183795162369112,0.563661802754803,-18.88567409114168,0.25162999859173163,1060.7644018827725,42.81932994437083,61.70500403551251,29.29407749323078,56.995381733028836,0.5139728273151447,3248.4735388936774,1416
S2 chronological 60/40,0,126,1,2137,1416,0.6,45.332819971398365,24.203753951771592,0.3673753096788033,-21.67743688865089,0.22866010037252152,1585.1532964977728,40.02756714686162,61.70500403551251,24.397023042677553,56.995381733028836,0.42805262989473886,3248.4735388936774,1416
S2 chronological 60/40,0,133,1,2137,1416,0.6,39.129071616960324,21.196717835175022,0.5286757834799397,-18.4907128916237,0.22331002635672048,1189.177782364751,43.21429114388881,61.70500403551251,29.39246729860944,56.995381733028836,0.5156991041184044,3248.4735388936774,1416
S2 chronological 60/40,0,140,1,2137,1416,0.6,39.92864297690842,20.57900621662032,0.5092167102828294,-18.27435067356162,0.20946661192634738,1260.3446374371158,43.43065336195089,61.70500403551251,27.459801627004097,56.995381733028836,0.4817899414311868,3248.4735388936774,1416
S2 chronological 60/40,0,147,1,2137,1416,0.6,37.13623730966873,19.452103736902842,0.5754621039672352,-17.31721731508038,0.21745050330877216,1079.214105982312,44.38778672043213,61.70500403551251,30.531270892490202,56.995381733028836,0.5356797334124587,3248.4735388936774,1416
S2 chronological 60/40,0,154,1,2137,1416,0.6,39.7147856003136,20.82069786269401,0.5144598912706426,-18.32244824598257,0.21284456385402986,1241.5520855521665,43.38255578952994,61.70500403551251,28.34326376931596,56.995381733028836,0.49729053315368943,3248.4735388936774,1416
S2 chronological 60/40,0,161,1,2137,1416,0.6,41.59872128204081,21.805018744947834,0.4673025371509567,-19.962872246997406,0.23029584007169548,1331.9373439509757,41.7421317885151,61.70500403551251,27.341659722341195,56.995381733028836,0.4797171084915587,3248.4735388936774,1416
S2 chronological 60/40,0,168,1,2137,1416,0.6,37.33959793575283,20.172003333177944,0.5707997749372122,-17.009457962083854,0.2075112631220982,1104.9239138397788,44.69554607342865,61.70500403551251,29.461408534519382,56.995381733028836,0.5169086974891948,3248.4735388936774,1416
S2 chronological 60/40,0,175,1,2137,1416,0.6,39.09404204521909,21.659485122073168,0.529519294174746,-20.390544362925443,0.27204233198634076,1112.5698240169274,41.31445967258706,61.70500403551251,29.28200785118272,56.995381733028836,0.513761062051345,3248.4735388936774,1416
S2 chronological 60/40,0,182,1,2137,1416,0.6,39.63626560178421,20.692068303781138,0.5163779134891078,-19.295163822640713,0.23697988291840238,1198.7302039126391,42.4098402128718,61.70500403551251,28.25637641923224,56.995381733028836,0.4957660701631491,3248.4735388936774,1416
S2 chronological 60/40,0,189,1,2137,1416,0.6,40.116161113017164,22.052131307134715,0.5045961239402224,-20.91432155467889,0.27179960936201986,1171.8975363530449,40.790682480833624,61.70500403551251,27.439848745261134,56.995381733028836,0.4814398625101187,3248.4735388936774,1416
S2 chronological 60/40,0,196,1,2137,1416,0.6,37.960564826356425,20.136892035904197,0.5564056580166059,-18.29635810895347,0.23230789650377587,1106.247761884941,43.40864592655904,61.70500403551251,29.229688632183425,56.995381733028836,0.5128431066414775,3248.4735388936774,1416
S2 chronological 60/40,0,203,1,2137,1416,0.6,38.87728606541737,20.57016447111904,0.5347219690368654,-18.44115721178786,0.2250010060926775,1171.3670925024203,43.26384682372465,61.70500403551251,28.53877302985398,56.995381733028836,0.50072079810838,3248.4735388936774,1416
S2 chronological 60/40,0,210,1,2137,1416,0.6,36.60858058879059,19.436547836341425,0.5874406373701295,-17.335714147012016,0.22424237961720958,1039.6611877390624,44.3692898885005,61.70500403551251,30.231932013226153,56.995381733028836,0.5304277485996158,3248.4735388936774,1416
S2 chronological 60/40,0,217,1,2137,1416,0.6,41.2967887187139,21.698320367097665,0.47500734173783465,-18.392622277994516,0.19836029269497976,1367.1362042171154,43.31238175751799,61.70500403551251,27.950698616709214,56.995381733028836,0.4904028671591786,3248.4735388936774,1416
S2 chronological 60/40,0,224,1,2137,1416,0.6,37.816701699739355,19.68444578786162,0.5597615586753047,-16.31212856146094,0.18606041082695293,1164.0173892414396,45.392875474051564,61.70500403551251,29.200126780428718,56.995381733028836,0.5123244356394447,3248.4735388936774,1416
S2 chronological 60/40,0,231,1,2137,1416,0.6,41.52829679072362,21.75308446825465,0.46910466910382553,-17.767785847283257,0.18305364575051178,1408.9052204235068,43.93721818822925,61.70500403551251,26.56509725227933,56.995381733028836,0.46609210157960657,3248.4735388936774,1416
S2 chronological 60/40,0,238,1,2137,1416,0.6,39.930012386252436,20.948013003263096,0.509183045489952,-19.470567068233905,0.2377706859555257,1215.3029072076783,42.234436967278604,61.70500403551251,27.61596258707204,56.995381733028836,0.4845298293891167,3248.4735388936774,1416
S2 chronological 60/40,0,245,1,2137,1416,0.6,36.64537086601834,19.161411978334456,0.5866110067298355,-16.698133765737122,0.20763359764404346,1064.055534649576,45.00687026977539,61.70500403551251,29.67568971562688,56.995381733028836,0.5206683210690702,3248.4735388936774,1416
S2 chronological 70/30,0,42,1,2498,1055,0.7,43.78885386201938,24.243555348744323,0.5331118080979952,-21.823713222870413,0.24838772866110695,1441.1892637152005,45.01569097482763,66.83940419769803,31.116682424488324,64.08510981954556,0.48555245535364483,4106.901300583215,1055
S2 chronological 70/30,0,49,1,2498,1055,0.7,42.53939218775116,22.582165929539915,0.5593758517044648,-20.750123840066014,0.23793527083190788,1379.0322483252291,46.08928035763203,66.83940419769803,32.03472728135225,64.08510981954556,0.4998778557383677,4106.901300583215,1055
S2 chronological 70/30,0,56,1,2498,1055,0.7,43.29977574206025,23.536152128569565,0.5434829225025539,-19.5939440910608,0.20477287834147723,1490.947934269093,47.24546010663724,66.83940419769803,31.877264253211823,64.08510981954556,0.4974207634655477,4106.901300583215,1055
S2 chronological 70/30,0,63,1,2498,1055,0.7,42.40686224646186,23.50748423109526,0.5621170722230378,-18.337050528581187,0.1869763529526211,1462.0945435026529,48.50235366911685,66.83940419769803,32.39785862618709,64.08510981954556,0.5055442476015847,4106.901300583215,1055
S2 chronological 70/30,0,70,1,2498,1055,0.7,45.158100933461725,24.59378856853932,0.5034567595702567,-22.946234124337977,0.2581971838008711,1512.7244194277844,43.89317007336006,66.83940419769803,30.29829769008087,64.08510981954556,0.4727821763182822,4106.901300583215,1055
S2 chronological 70/30,0,77,1,2498,1055,0.7,43.374855491565036,23.243793123092857,0.5418983921900002,-21.46093685596314,0.2448055568678698,1420.806278178513,45.3784673417349,66.83940419769803,32.760689880846854,64.08510981954556,0.511205956783038,4106.901300583215,1055
S2 chronological 70/30,0,84,1,2498,1055,0.7,43.15253631123499,22.998467845890918,0.5465823856472971,-20.34237776551605,0.22222390595937308,1448.3290569374926,46.49702643218199,66.83940419769803,32.864465471834265,64.08510981954556,0.5128252969274121,4106.901300583215,1055
S2 chronological 70/30,0,91,1,2498,1055,0.7,41.94867781334661,22.660738119113745,0.5715281567545665,-18.755332627486926,0.19990008925831967,1407.929068320283,48.084071570211115,66.83940419769803,32.25128735301422,64.08510981954556,0.5032571129834871,4106.901300583215,1055
S2 chronological 70/30,0,98,1,2498,1055,0.7,45.04112797598459,24.59656268709321,0.5060258182827699,-23.23681023429194,0.26615492467119223,1488.7538594845269,43.6025939634061,66.83940419769803,30.27620133132955,64.08510981954556,0.4724373792380628,4106.901300583215,1055
S2 chronological 70/30,0,105,1,2498,1055,0.7,43.932220984541196,24.112497540979508,0.530049567940559,-22.050103416520354,0.2519155304774851,1443.8329799553194,44.78930078117769,66.83940419769803,31.49731248025972,64.08510981954556,0.49149190145654137,4106.901300583215,1055
S2 chronological 70/30,0,112,1,2498,1055,0.7,43.405658229201585,23.702008101709325,0.5412475176740419,-21.6772650255734,0.24941138934629473,1414.1473473213075,45.16213917212464,66.83940419769803,31.26594637671446,64.08510981954556,0.4878816072057122,4106.901300583215,1055
S2 chronological 70/30,0,119,1,2498,1055,0.7,43.53444129580346,24.12100000878646,0.5385212742588636,-19.997189499448908,0.21099490764209144,1495.3599910608882,46.84221469824913,66.83940419769803,32.95510601242146,64.08510981954556,0.5142396744769306,4106.901300583215,1055
S2 chronological 70/30,0,126,1,2498,1055,0.7,45.85916922917031,24.69364570289669,0.4879196629120285,-22.294212454561457,0.2363371015844567,1606.031493420558,44.545191743136584,66.83940419769803,30.949218472615946,64.08510981954556,0.48293930617836944,4106.901300583215,1055
S2 chronological 70/30,0,133,1,2498,1055,0.7,42.30916355757695,23.524188352067004,0.5641323737953983,-20.971313606538562,0.24568712059758907,1350.2693265580085,45.86809059115948,66.83940419769803,33.02912722455177,64.08510981954556,0.5153947198898002,4106.901300583215,1055
S2 chronological 70/30,0,140,1,2498,1055,0.7,42.34114588013105,22.57430871170602,0.5634731630419387,-19.99296715251481,0.22296119869423844,1393.0538988810029,46.84643704518323,66.83940419769803,32.26162010575613,64.08510981954556,0.5034183478283832,4106.901300583215,1055
S2 chronological 70/30,0,147,1,2498,1055,0.7,45.85990501473838,26.021590288313327,0.48790323067609054,-22.820845308155327,0.24762651890092702,1582.339907382071,44.01855888954271,66.83940419769803,30.849395940365174,64.08510981954556,0.48138165054616633,4106.901300583215,1055
S2 chronological 70/30,0,154,1,2498,1055,0.7,44.58574541711395,24.387512867436186,0.515963849893982,-22.828591328919863,0.26215984000060444,1466.7441123368626,44.010812868778174,66.83940419769803,31.220718256776696,64.08510981954556,0.48717585636803523,4106.901300583215,1055
S2 chronological 70/30,0,161,1,2498,1055,0.7,44.217197489159226,24.10911041645884,0.5239329093402709,-20.91633317123496,0.22376320577911285,1517.6675604652053,45.92307102646308,66.83940419769803,32.2051525908258,64.08510981954556,0.5025372146745299,4106.901300583215,1055
S2 chronological 70/30,0,168,1,2498,1055,0.7,40.865796917869574,22.382087254185247,0.5933641362417446,-19.25659727194702,0.22204405538254451,1299.1968192386014,47.58280692575102,66.83940419769803,36.88458284374997,64.08510981954556,0.5755562087294792,4106.901300583215,1055
S2 chronological 70/30,0,175,1,2498,1055,0.7,46.9391968789238,27.516380944151933,0.46351566731699034,-26.265863654544088,0.3131209037382628,1513.3926101192703,40.57354054315395,66.83940419769803,30.037686896741274,64.08510981954556,0.46871554065091053,4106.901300583215,1055
S2 chronological 70/30,0,182,1,2498,1055,0.7,43.894410933558675,24.419823492549934,0.5308581409223289,-22.28528088735582,0.25776133624672726,1430.0855669757686,44.55412331034222,66.83940419769803,30.839073363740102,64.08510981954556,0.4812205744919294,4106.901300583215,1055
S2 chronological 70/30,0,189,1,2498,1055,0.7,45.129221453660435,24.56204731424031,0.5040916545220349,-21.42321371041042,0.22534792199283835,1577.692543331608,45.41619048728762,66.83940419769803,29.289703438747953,64.08510981954556,0.4570438206507493,4106.901300583215,1055
S2 chronological 70/30,0,196,1,2498,1055,0.7,42.730661562502426,23.348029503890125,0.555404597303123,-21.73833278234375,0.2588053396476471,1353.3543254132012,45.10107141535429,66.83940419769803,32.70186543193777,64.08510981954556,0.5102880454449015,4106.901300583215,1055
S2 chronological 70/30,0,203,1,2498,1055,0.7,43.102780242637536,24.27292488407427,0.5476273889559327,-21.997694228417018,0.2604616296870113,1373.951113278173,44.84170996928102,66.83940419769803,32.569624637962775,64.08510981954556,0.508224527190078,4106.901300583215,1055
S2 chronological 70/30,0,210,1,2498,1055,0.7,42.14697930897354,23.379349277305217,0.5674676027352338,-20.915376503917926,0.24626260300672523,1338.914890570402,45.92402769378011,66.83940419769803,33.337951185271685,64.08510981954556,0.5202136858179155,4106.901300583215,1055
S2 chronological 70/30,0,217,1,2498,1055,0.7,42.289102236681664,22.78895746339554,0.5645456179503143,-20.521624632727562,0.23548678907721274,1367.231090417944,46.31777956497048,66.83940419769803,32.565616548813495,64.08510981954556,0.5081619839696551,4106.901300583215,1055
S2 chronological 70/30,0,224,1,2498,1055,0.7,46.61101102657686,25.23280186204387,0.47099134118194075,-22.92468483711145,0.241896564959186,1647.0451740387825,43.91471936058659,66.83940419769803,29.56344873838446,64.08510981954556,0.4613154104226531,4106.901300583215,1055
S2 chronological 70/30,0,231,1,2498,1055,0.7,41.65995228270005,22.114063425457957,0.5774060545476509,-19.463584632137458,0.2182770719411402,1356.7204974644671,47.37581956556058,66.83940419769803,33.81494514865706,64.08510981954556,0.5276568183135688,4106.901300583215,1055
S2 chronological 70/30,0,238,1,2498,1055,0.7,45.09526835717509,24.837131418306928,0.504837569893182,-21.71805474230302,0.23194226587217653,1561.9093264159658,45.12134945539501,66.83940419769803,30.77291948774278,64.08510981954556,0.48018829294971777,4106.901300583215,1055
S2 chronological 70/30,0,245,1,2498,1055,0.7,42.709950298906,23.995657799965482,0.5558354776444281,-21.005622550354833,0.2418872531242666,1382.9036758070456,45.83378164734321,66.83940419769803,31.886816568098762,64.08510981954556,0.4975698201639576,4106.901300583215,1055
S1 chronological 80/20,0,42,1,2859,694,0.8,30.23880101562638,16.684233363050648,0.7143422229337153,-16.23024280486454,0.28808516815238333,650.9643053577895,36.61002067805023,52.84026348291478,34.71204971787181,56.57721179837804,0.6135341176156535,3200.9808948785267,694
S1 chronological 80/20,0,49,1,2859,694,0.8,30.962577859968086,18.55794852331569,0.7005039207611494,-17.425504688325365,0.31673532855168757,655.0330140917365,35.41475879458941,52.84026348291478,36.80544639580703,56.57721179837804,0.650534821810752,3200.9808948785267,694
S1 chronological 80/20,0,56,1,2859,694,0.8,33.02771286172772,18.86903731555004,0.6592201413566605,-15.063167448444295,0.20800587779084492,863.9308032968631,37.77709603447048,52.84026348291478,34.043064125469314,56.57721179837804,0.6017098235025655,3200.9808948785267,694
S1 chronological 80/20,0,63,1,2859,694,0.8,30.710656069586346,16.847383933113456,0.7053576927830393,-14.787744082286554,0.23185991023072022,724.4670211812198,38.05251940062823,52.84026348291478,35.339919695563516,56.57721179837804,0.6246316948509761,3200.9808948785267,694
S1 chronological 80/20,0,70,1,2859,694,0.8,30.020509545076905,16.34494772228305,0.7184516175063724,-12.511687606585374,0.17369833918336308,744.6886665812714,40.3285758763294,52.84026348291478,35.434629601873084,56.57721179837804,0.6263056887311815,3200.9808948785267,694
S1 chronological 80/20,0,77,1,2859,694,0.8,29.791511149177374,16.78295763842409,0.7227305736277315,-13.442490174820414,0.20359841346749807,706.8335944514164,39.397773308094365,52.84026348291478,35.155485931780284,56.57721179837804,0.6213718353082243,3200.9808948785267,694
S1 chronological 80/20,0,84,1,2859,694,0.8,30.34309421351517,15.534314716240171,0.712368365608381,-13.90216356542877,0.20991576531872805,727.4332146503226,38.93809991748601,52.84026348291478,34.14367959197136,56.57721179837804,0.6034881979276009,3200.9808948785267,694
S1 chronological 80/20,0,91,1,2859,694,0.8,27.94844577271958,14.877443124993734,0.7559761689423363,-11.710624195067856,0.17556775889735107,643.9769020725381,41.12963928784692,52.84026348291478,36.044005738577276,56.57721179837804,0.6370763880522403,3200.9808948785267,694
S1 chronological 80/20,0,98,1,2859,694,0.8,31.192264028056222,16.10307185391724,0.696044004276104,-13.038234644144245,0.1747204697331597,802.961772560207,39.80202883877053,52.84026348291478,32.58592315607503,56.57721179837804,0.575954914006724,3200.9808948785267,694
S1 chronological 80/20,0,105,1,2859,694,0.8,30.609870137375037,15.852258968667366,0.707288427954669,-12.56648571219352,0.16854066741393198,779.0475866722,40.27377777072126,52.84026348291478,32.73830068699625,56.57721179837804,0.5786481808906461,3200.9808948785267,694
S1 chronological 80/20,0,112,1,2859,694,0.8,28.850863332252164,16.424351393464857,0.7399633604973828,-15.60574196439164,0.29258443351087104,588.8331327571182,37.23452151852314,52.84026348291478,38.06478990547915,56.57721179837804,0.6727936689621457,3200.9808948785267,694
S1 chronological 80/20,0,119,1,2859,694,0.8,32.30139372356401,17.228566343963955,0.6740436538830715,-16.575183140196,0.26331411999856325,768.6433403536628,36.265080342718775,52.84026348291478,33.2140640615522,56.57721179837804,0.5870572798800309,3200.9808948785267,694
S1 chronological 80/20,0,126,1,2859,694,0.8,28.82334036310721,16.415663834607567,0.7404592601546744,-14.605611388307384,0.2567738908925706,617.4610656612709,38.23465209460739,52.84026348291478,36.77994707844861,56.57721179837804,0.650084122376335,3200.9808948785267,694
S1 chronological 80/20,0,133,1,2859,694,0.8,30.37594612156075,19.411015353943906,0.711745201523617,-18.135687751935915,0.35645805409676107,593.7949325442434,34.70457573097886,52.84026348291478,39.15937191066119,56.57721179837804,0.6921403629823946,3200.9808948785267,694
S1 chronological 80/20,0,140,1,2859,694,0.8,28.931081015893884,15.160017658722847,0.7385153250719484,-13.095582187102135,0.20488978093997204,665.5131759290684,39.74468129581265,52.84026348291478,35.50060231796784,56.57721179837804,0.6274717539011984,3200.9808948785267,694
S1 chronological 80/20,0,147,1,2859,694,0.8,30.793161565119664,17.01293746703149,0.7037724277915296,-15.794474245418291,0.26308845269265024,698.7533824863813,37.045789237496486,52.84026348291478,36.0382790413938,56.57721179837804,0.6369751689040807,3200.9808948785267,694
S1 chronological 80/20,0,154,1,2859,694,0.8,28.905430013563812,15.128897379042435,0.7389787969038338,-13.064357427865595,0.2042759497561765,664.8464492660087,39.775906055049184,52.84026348291478,36.101074543541245,56.57721179837804,0.6380850769421655,3200.9808948785267,694
S1 chronological 80/20,0,161,1,2859,694,0.8,31.496589986634163,17.624220440261595,0.6900840044458341,-16.737091676658345,0.2823793381711276,711.9049429932772,36.103171806256434,52.84026348291478,35.467672964048724,56.57721179837804,0.6268897288619216,3200.9808948785267,694
S1 chronological 80/20,0,168,1,2859,694,0.8,33.555896870053395,20.661886073179627,0.6482333847867625,-18.98513456184023,0.3201029358736903,765.5628804224791,33.85512892107455,52.84026348291478,38.55309270941542,56.57721179837804,0.6814244018741246,3200.9808948785267,694
S1 chronological 80/20,0,175,1,2859,694,0.8,31.324291080027344,16.11645633873011,0.6934654582799326,-14.161742376760968,0.20439528692825215,780.6562645205335,38.67852110615381,52.84026348291478,32.98223757996668,56.57721179837804,0.5829597559085126,3200.9808948785267,694
S1 chronological 80/20,0,182,1,2859,694,0.8,29.50879945928373,16.15643309462262,0.7279679966470813,-13.712358408525875,0.21593409975085734,682.7404724043537,39.127905074388906,52.84026348291478,36.50727389018246,56.57721179837804,0.6452646344659398,3200.9808948785267,694
S1 chronological 80/20,0,189,1,2859,694,0.8,30.775791009953853,16.970703774639098,0.7041065400284747,-16.284426379027117,0.27997966007414493,681.9667697944025,36.55583710388766,52.84026348291478,34.18068595526554,56.57721179837804,0.6041422839477119,3200.9808948785267,694
S1 chronological 80/20,0,196,1,2859,694,0.8,29.736713115355016,15.333837355248178,0.7237496455165553,-12.912414302841633,0.18855106004848265,717.5416637766981,39.927849180073146,52.84026348291478,34.16772438789837,56.57721179837804,0.6039131887527531,3200.9808948785267,694
S1 chronological 80/20,0,203,1,2859,694,0.8,31.358498860829265,16.532242981874194,0.6927955888840294,-12.636966792680246,0.1623959368798277,823.6625210853273,40.20329669023453,52.84026348291478,35.27079629067142,56.57721179837804,0.6234099413800128,3200.9808948785267,694
S1 chronological 80/20,0,210,1,2859,694,0.8,32.50089110066673,17.39395786401616,0.6700049275434732,-16.908868442792958,0.27066902175931656,770.3980903217181,35.93139504012182,52.84026348291478,31.98432872525451,56.57721179837804,0.5653217560320185,3200.9808948785267,694
S1 chronological 80/20,0,217,1,2859,694,0.8,31.80583690096157,16.610205992007266,0.6839683540163841,-15.626093062023509,0.24137214936570692,767.4364765875494,37.21417042089127,52.84026348291478,33.81303959968579,56.57721179837804,0.5976441490291882,3200.9808948785267,694
S1 chronological 80/20,0,224,1,2859,694,0.8,33.449892399823526,18.845247020749408,0.6504523649766325,-17.514163742847234,0.2741507013065943,812.1493699485067,35.32609974006755,52.84026348291478,34.41289197325166,56.57721179837804,0.6082465162102282,3200.9808948785267,694
S1 chronological 80/20,0,231,1,2859,694,0.8,33.460795901491345,18.67024486542926,0.6502244470897574,-17.576604419993295,0.2759290484898554,810.6878394243324,35.263659062921484,52.84026348291478,33.4683430663275,56.57721179837804,0.591551651318508,3200.9808948785267,694
S1 chronological 80/20,0,238,1,2859,694,0.8,32.137236521995284,16.529080334196568,0.6773482862946418,-15.059731965204382,0.21959246125834714,806.0064444068689,37.7805315177104,52.84026348291478,32.71300795688602,56.57721179837804,0.57820113287774,3200.9808948785267,694
S1 chronological 80/20,0,245,1,2859,694,0.8,29.297217599295827,16.115043248596283,0.7318550196804403,-13.539136253202239,0.21356454967163258,675.0187485777138,39.30112722971254,52.84026348291478,37.019134834908556,56.57721179837804,0.6543117565926044,3200.9808948785267,694
S2 chronological 90/9,0,42,1,3220,333,0.9,16.698752745856435,12.587463128111589,0.915246352259544,-1.7397493843559744,0.010854387316428057,275.8216153468808,92.87286322825663,94.61261261261261,58.160156555648385,57.3594310315792,1.0139597884718965,3290.1043282664905,333
S2 chronological 90/9,0,49,1,3220,333,0.9,18.98140816911514,14.0538459587179,0.8904916622287219,-10.751033888922798,0.3208068295627099,244.70912640178457,83.86157872368982,94.61261261261261,52.47120323700871,57.3594310315792,0.9147790048356776,3290.1043282664905,333
S2 chronological 90/9,0,56,1,3220,333,0.9,21.20493974851383,14.405335920555611,0.8633327624674395,-7.876828205120097,0.1379839780732161,387.6050471651262,86.73578440749252,94.61261261261261,51.118566814145716,57.3594310315792,0.8911972433269504,3290.1043282664905,333
S2 chronological 90/9,0,63,1,3220,333,0.9,19.52567721159935,14.541682428886125,0.8841215862682243,-8.139522556786066,0.17377434135139233,315.00024311914115,86.47309005582655,94.61261261261261,55.439983673016094,57.3594310315792,0.9665364993333642,3290.1043282664905,333
S2 chronological 90/9,0,70,1,3220,333,0.9,19.503844596207493,15.561300361580935,0.8843805800427491,0.018638493420483473,9.132320687800555e-07,380.39960663957515,94.63125110603309,94.61261261261261,60.81366482846251,57.3594310315792,1.0602208518243772,3290.1043282664905,333
S2 chronological 90/9,0,77,1,3220,333,0.9,19.89426950828857,15.313550741669452,0.87970534676724,3.2382680503455727,0.02649534603667224,385.29557930253145,97.85088066295819,94.61261261261261,62.8116627211857,57.3594310315792,1.0950537965867335,3290.1043282664905,333
S2 chronological 90/9,0,84,1,3220,333,0.9,20.15933801170302,15.980249415953649,0.8764784126817583,-2.3224500793594496,0.01327211823343358,401.0051346989775,92.29016253325317,94.61261261261261,60.369825932621275,57.3594310315792,1.0524829979464878,3290.1043282664905,333
S2 chronological 90/9,0,91,1,3220,333,0.9,17.239755966321834,13.117732782417079,0.9096657260303582,-3.5982749984787032,0.0435638721285477,284.2616028136523,91.01433761413391,94.61261261261261,53.24262653475736,57.3594310315792,0.928227940501095,3290.1043282664905,333
S2 chronological 90/9,0,98,1,3220,333,0.9,22.634816866652045,17.010970508014122,0.8442800338623857,-4.5428461298212275,0.04028117070695721,491.69748362764426,90.06976648279138,94.61261261261261,53.37669503091545,57.3594310315792,0.930565280564393,3290.1043282664905,333
S2 chronological 90/9,0,105,1,3220,333,0.9,21.348742890247117,15.84434240910691,0.8614728356550276,-3.628581151589975,0.028888771037879696,442.6022218202029,90.98403146102264,94.61261261261261,57.95985934936026,57.3594310315792,1.0104678220648753,3290.1043282664905,333
S2 chronological 90/9,0,112,1,3220,333,0.9,19.748965891910945,15.068866409799258,0.8814561439742068,-10.869030978228595,0.3028955783729737,271.88581939416895,83.74358163438401,94.61261261261261,49.018965791160156,57.3594310315792,0.8545929572448652,3290.1043282664905,333
S2 chronological 90/9,0,119,1,3220,333,0.9,17.0624409645975,14.03962866669814,0.9115143890212851,-4.594328247391068,0.07250395840681943,270.0190396255993,90.01828436522155,94.61261261261261,53.450723692550554,57.3594310315792,0.9318558906751235,3290.1043282664905,333
S2 chronological 90/9,0,126,1,3220,333,0.9,20.059870285748556,14.662972144229585,0.8776943355796027,-6.92577718614458,0.11920124464486878,354.43200624893706,87.68683542646804,94.61261261261261,54.50197254961436,57.3594310315792,0.9501832840637546,3290.1043282664905,333
S2 chronological 90/9,0,133,1,3220,333,0.9,26.828338398377735,21.998452788205274,0.7812349793791796,-4.889619943257923,0.033217172092803414,695.8513580283635,89.72299266935468,94.61261261261261,54.30560755187825,57.3594310315792,0.9467598714844353,3290.1043282664905,333
S2 chronological 90/9,0,140,1,3220,333,0.9,24.98581931982127,18.721828158757862,0.8102518629214156,-2.4050894327707826,0.00926563674872388,618.5067119031281,92.20752317984183,94.61261261261261,55.511362104487716,57.3594310315792,0.9677809055310533,3290.1043282664905,333
S2 chronological 90/9,0,147,1,3220,333,0.9,24.501148705786083,17.61819829576673,0.8175418685828313,-11.204688470284859,0.209134980335924,474.76124418690864,83.40792414232776,94.61261261261261,50.19774714627351,57.3594310315792,0.8751437425980946,3290.1043282664905,333
S2 chronological 90/9,0,154,1,3220,333,0.9,22.48884280165393,17.033044193600034,0.8462820627867527,-9.88359904074454,0.19315058138241878,408.06252055929536,84.72901357186807,94.61261261261261,56.01434226495954,57.3594310315792,0.9765498237616911,3290.1043282664905,333
S2 chronological 90/9,0,161,1,3220,333,0.9,20.997267489962912,15.731515168427705,0.8659965769908124,-6.832254724817591,0.10587722194616385,394.20553742026124,87.78035788779502,94.61261261261261,59.18691104167092,57.3594310315792,1.031860148840835,3290.1043282664905,333
S2 chronological 90/9,0,168,1,3220,333,0.9,24.60984776357995,18.714677531235417,0.8159193306597403,-6.693361611695619,0.07397257261282295,560.8435172816603,87.919251000917,94.61261261261261,54.12379917129228,57.3594310315792,0.9435902378720329,3290.1043282664905,333
S2 chronological 90/9,0,175,1,3220,333,0.9,21.363622876203817,16.9411961720359,0.8612796626309014,-4.985705788071091,0.05446324173023003,431.5471201914534,89.62690682454152,94.61261261261261,63.694704748317214,57.3594310315792,1.1104486847725203,3290.1043282664905,333
S2 chronological 90/9,0,182,1,3220,333,0.9,29.064308579165214,22.300850580199906,0.7432500769268873,-0.5634508705711938,0.00037583058226083255,844.4165563013893,94.04916174204142,94.61261261261261,58.942558186403886,57.3594310315792,1.0276001195680113,3290.1043282664905,333
S2 chronological 90/9,0,189,1,3220,333,0.9,19.30427613922727,14.883710273700128,0.8867345712845872,-2.5276205904848936,0.017144180340775587,366.26621141009605,92.08499202212772,94.61261261261261,60.702996272257096,57.3594310315792,1.0582914645516115,3290.1043282664905,333
S2 chronological 90/9,0,196,1,3220,333,0.9,17.957908847865355,13.931733802785592,0.9019828984091351,-0.561980868961002,0.0009793355898221098,322.17066769116263,94.0506317436516,94.61261261261261,59.04616895164925,57.3594310315792,1.0294064618448084,3290.1043282664905,333
S2 chronological 90/9,0,203,1,3220,333,0.9,22.769788979680325,14.863120103179003,0.8424173708642417,-10.283771320148274,0.20397963475592806,412.7073376140674,84.32884129246433,94.61261261261261,48.90792358901723,57.3594310315792,0.8526570558569697,3290.1043282664905,333
S2 chronological 90/9,0,210,1,3220,333,0.9,21.68379000198944,17.442316040569292,0.8570906263333868,-4.4702794587647965,0.042500981765893196,450.2033504109227,90.14233315384782,94.61261261261261,54.04957681631965,57.3594310315792,0.9422962509262459,3290.1043282664905,333
S2 chronological 90/9,0,217,1,3220,333,0.9,25.291582709087415,18.242157788810584,0.8055793701023337,-3.098492416175637,0.015008899848594003,630.0635006775116,91.51412019643698,94.61261261261261,60.12071355121303,57.3594310315792,1.04813999145343,3290.1043282664905,333
S2 chronological 90/9,0,224,1,3220,333,0.9,19.919622060243437,15.798180035796099,0.879398552923092,-3.982508236939486,0.03997156726368908,380.93097116564604,90.63010437567313,94.61261261261261,52.96470627880463,57.3594310315792,0.9233826996931845,3290.1043282664905,333
S2 chronological 90/9,0,231,1,3220,333,0.9,24.130300084326496,17.554746105761964,0.823023429027116,-7.067982401575769,0.08579569039387844,532.3150069306624,87.54463021103685,94.61261261261261,55.15655722691128,57.3594310315792,0.9615952640210966,3290.1043282664905,333
S2 chronological 90/9,0,238,1,3220,333,0.9,20.008161241318373,15.127243080040973,0.8783240662555156,-2.3916193501011387,0.014287944673850698,394.60667314281653,92.22099326251147,94.61261261261261,56.764930321773456,57.3594310315792,0.9896355194060688,3290.1043282664905,333
S2 chronological 90/9,0,245,1,3220,333,0.9,22.92247752132523,18.63258919496999,0.8402968649956133,0.7443172895872551,0.0010543701529826441,524.885967488082,95.35692990219987,94.61261261261261,66.4769214961511,57.3594310315792,1.1589536419835176,3290.1043282664905,333
