column,n,missing,missing_pct,min,mean,max,std,outliers_IQR,outlier_pct
dengue_cases,3652,0,0.0,3.43,43.79,256.0,43.28,217,5.94
temperature,3652,0,0.0,22.6,26.66,29.1,0.83,25,0.68
temperature_max,3652,0,0.0,23.6,29.18,35.5,1.19,106,2.9
temperature_min,3652,0,0.0,21.6,24.68,27.7,0.92,26,0.71
rainfall,3652,0,0.0,0.0,7.98,152.9,9.5,155,4.24
humidity,3652,0,0.0,65.0,85.28,95.0,4.04,86,2.35
windspeed,3652,0,0.0,2.2,8.28,20.0,2.87,42,1.15
windspeed_max,3652,0,0.0,5.1,13.41,28.7,3.65,31,0.85
day_of_year,3652,0,0.0,1.0,183.1,366.0,105.44,0,0.0
month,3652,0,0.0,1.0,6.52,12.0,3.45,0,0.0
year,3652,0,0.0,2013.0,2017.5,2022.0,2.87,0,0.0
population_density,3652,0,0.0,7364.89,7603.68,7780.11,134.68,0,0.0
is_rainy_season,3652,0,0.0,0.0,0.41,1.0,0.49,0,0.0
temperature_7d_avg,3652,0,0.0,23.61,26.66,28.5,0.71,17,0.47
rainfall_7d_sum,3652,0,0.0,0.1,55.84,267.8,38.02,94,2.57
humidity_7d_avg,3652,0,0.0,69.14,85.28,92.14,3.28,126,3.45
cases_7d_avg,3652,0,0.0,3.43,43.79,256.0,43.13,217,5.94
